selection,limit,population_size,num_iterations,objective,dimensionality,best_value,average_value_top_80,median_value,stddev_value,average_time_ms
roulette wheel,5,100,50,rosenbrock,3,0.013811,0.095161,0.120486,0.116580,0.305635
roulette wheel,15,100,50,rosenbrock,3,0.006895,0.059127,0.069995,0.073180,0.299485
roulette wheel,30,100,50,rosenbrock,3,0.009163,0.044775,0.036342,0.068115,0.293375
roulette wheel,35,100,50,rosenbrock,3,0.001890,0.048945,0.064500,0.055795,0.311345
roulette wheel,45,100,50,rosenbrock,3,0.001426,0.041861,0.048937,0.044968,0.294015
roulette wheel,10,100,50,rosenbrock,3,0.024726,0.090674,0.108173,0.096968,0.537740
roulette wheel,25,100,50,rosenbrock,3,0.010671,0.063779,0.081638,0.066764,0.522490
roulette wheel,50,100,50,rosenbrock,3,0.005698,0.030566,0.034934,0.030656,0.303200
roulette wheel,20,100,50,rosenbrock,3,0.003033,0.053588,0.061414,0.075779,0.411900
roulette wheel,40,100,50,rosenbrock,3,0.003424,0.029010,0.030772,0.057525,0.366350
roulette wheel,60,100,50,rosenbrock,3,0.004017,0.022119,0.022430,0.054514,0.449265
roulette wheel,85,100,50,rosenbrock,3,0.004568,0.034200,0.041669,0.059082,0.332395
roulette wheel,90,100,50,rosenbrock,3,0.001718,0.022064,0.022355,0.032430,0.298910
roulette wheel,65,100,50,rosenbrock,3,0.003176,0.025666,0.022767,0.046872,0.445260
roulette wheel,55,100,50,rosenbrock,3,0.000778,0.027886,0.038765,0.044763,0.505680
roulette wheel,100,100,50,rosenbrock,3,0.007165,0.026064,0.033651,0.031760,0.297285
roulette wheel,105,100,50,rosenbrock,3,0.001152,0.015897,0.016531,0.031168,0.300890
roulette wheel,95,100,50,rosenbrock,3,0.001735,0.015274,0.014270,0.052556,0.329985
roulette wheel,70,100,50,rosenbrock,3,0.004464,0.036382,0.038046,0.041775,0.454165
roulette wheel,110,100,50,rosenbrock,3,0.000386,0.030164,0.034502,0.032197,0.316950
roulette wheel,75,100,50,rosenbrock,3,0.006389,0.021158,0.022411,0.037081,0.428870
roulette wheel,80,100,50,rosenbrock,3,0.001991,0.017802,0.022062,0.025295,0.426640
roulette wheel,125,100,50,rosenbrock,3,0.002521,0.019385,0.021055,0.031122,0.294740
roulette wheel,120,100,50,rosenbrock,3,0.000580,0.022708,0.026474,0.026749,0.364660
roulette wheel,190,100,50,rosenbrock,3,0.000618,0.024352,0.033541,0.081495,0.389550
roulette wheel,130,100,50,rosenbrock,3,0.002481,0.024665,0.029621,0.023897,0.371030
roulette wheel,195,100,50,rosenbrock,3,0.000617,0.010648,0.012811,0.019870,0.307455
roulette wheel,145,100,50,rosenbrock,3,0.001280,0.014120,0.016602,0.030376,0.306545
roulette wheel,155,100,50,rosenbrock,3,0.002352,0.031432,0.036883,0.038854,0.283585
roulette wheel,160,100,50,rosenbrock,3,0.000811,0.020010,0.024504,0.034552,0.285200
roulette wheel,150,100,50,rosenbrock,3,0.001251,0.025240,0.029468,0.054750,0.319305
roulette wheel,165,100,50,rosenbrock,3,0.003909,0.017980,0.023634,0.017328,0.280920
roulette wheel,140,100,50,rosenbrock,3,0.000953,0.015404,0.012771,0.041144,0.386145
roulette wheel,170,100,50,rosenbrock,3,0.002804,0.020684,0.023571,0.039137,0.303640
roulette wheel,175,100,50,rosenbrock,3,0.003261,0.027574,0.024472,0.063475,0.288520
roulette wheel,185,100,50,rosenbrock,3,0.000628,0.013381,0.014369,0.038357,0.306215
roulette wheel,115,100,50,rosenbrock,3,0.003526,0.015848,0.018783,0.021069,0.306995
tournament 3,15,100,50,rosenbrock,3,0.030847,0.146962,0.161187,0.184005,0.242455
roulette wheel,200,100,50,rosenbrock,3,0.002294,0.022201,0.025696,0.025984,0.285425
tournament 3,10,100,50,rosenbrock,3,0.048269,0.241565,0.341021,0.251459,0.249450
tournament 3,30,100,50,rosenbrock,3,0.003414,0.043905,0.050396,0.089919,0.228620
tournament 3,25,100,50,rosenbrock,3,0.010883,0.077340,0.073028,0.147958,0.291735
tournament 3,50,100,50,rosenbrock,3,0.001815,0.036105,0.040110,0.043388,0.237560
roulette wheel,180,100,50,rosenbrock,3,0.001925,0.016083,0.017974,0.048333,0.479250
tournament 3,20,100,50,rosenbrock,3,0.017068,0.075735,0.087916,0.063051,0.354885
roulette wheel,135,100,50,rosenbrock,3,0.002415,0.022953,0.024323,0.047044,0.388620
tournament 3,35,100,50,rosenbrock,3,0.001991,0.038318,0.039017,0.062350,0.328115
tournament 3,55,100,50,rosenbrock,3,0.000802,0.032059,0.035867,0.079893,0.268690
tournament 3,45,100,50,rosenbrock,3,0.001532,0.030514,0.031948,0.037402,0.347255
tournament 3,150,100,50,rosenbrock,3,0.002771,0.028429,0.025938,0.034410,0.225430
tournament 3,65,100,50,rosenbrock,3,0.003267,0.024399,0.024013,0.046076,0.248650
tournament 3,70,100,50,rosenbrock,3,0.002642,0.026854,0.024741,0.049771,0.258245
tournament 3,5,100,50,rosenbrock,3,0.088917,0.449203,0.492152,0.444213,0.590700
tournament 3,85,100,50,rosenbrock,3,0.001145,0.019897,0.024492,0.024117,0.224395
tournament 3,75,100,50,rosenbrock,3,0.001886,0.039994,0.051187,0.042167,0.274570
tournament 3,95,100,50,rosenbrock,3,0.003210,0.029401,0.035235,0.043847,0.230990
tournament 3,40,100,50,rosenbrock,3,0.003598,0.042262,0.051365,0.038377,0.526710
tournament 3,90,100,50,rosenbrock,3,0.005254,0.023504,0.030236,0.040731,0.259215
tournament 3,195,100,50,rosenbrock,3,0.003203,0.028128,0.028024,0.058722,0.240885
tournament 3,110,100,50,rosenbrock,3,0.005044,0.027397,0.030096,0.023970,0.243205
tournament 3,80,100,50,rosenbrock,3,0.003966,0.027954,0.035640,0.036861,0.383090
tournament 3,105,100,50,rosenbrock,3,0.001756,0.024316,0.029804,0.029866,0.332665
tournament 3,115,100,50,rosenbrock,3,0.002282,0.034289,0.035005,0.042475,0.224475
tournament 3,120,100,50,rosenbrock,3,0.009922,0.032427,0.041420,0.027324,0.255330
tournament 3,140,100,50,rosenbrock,3,0.003806,0.030994,0.034724,0.056398,0.223340
tournament 3,130,100,50,rosenbrock,3,0.005001,0.018107,0.017810,0.053221,0.301565
tournament 3,135,100,50,rosenbrock,3,0.001864,0.016444,0.018399,0.027475,0.300420
tournament 3,155,100,50,rosenbrock,3,0.001838,0.027385,0.037671,0.105676,0.237690
tournament 3,145,100,50,rosenbrock,3,0.000018,0.021909,0.030570,0.022685,0.261965
tournament 3,160,100,50,rosenbrock,3,0.007971,0.026711,0.025755,0.033159,0.266565
tournament 3,165,100,50,rosenbrock,3,0.005780,0.028046,0.030994,0.066193,0.262180
tournament 3,125,100,50,rosenbrock,3,0.000819,0.022258,0.027944,0.030251,0.398005
tournament 3,60,100,50,rosenbrock,3,0.001364,0.025738,0.026793,0.034622,0.412065
tournament 3,180,100,50,rosenbrock,3,0.001685,0.022224,0.025952,0.023367,0.325130
tournament 5,15,100,50,rosenbrock,3,0.007381,0.093263,0.115487,0.089837,0.308125
tournament 5,100,100,50,rosenbrock,3,0.001294,0.029669,0.024379,0.038839,0.281245
tournament 5,115,100,50,rosenbrock,3,0.000910,0.023524,0.029051,0.028444,0.279360
tournament 5,5,100,50,rosenbrock,3,0.043086,0.321646,0.376419,0.415432,0.397825
tournament 3,100,100,50,rosenbrock,3,0.002014,0.020138,0.021109,0.021479,0.425425
tournament 5,120,100,50,rosenbrock,3,0.001232,0.022187,0.027531,0.049387,0.278245
tournament 3,200,100,50,rosenbrock,3,0.006481,0.030558,0.031693,0.048366,0.432335
tournament 5,125,100,50,rosenbrock,3,0.002431,0.011741,0.012445,0.042004,0.277760
tournament 5,130,100,50,rosenbrock,3,0.000784,0.016473,0.023208,0.056493,0.287425
tournament 5,90,100,50,rosenbrock,3,0.003747,0.013517,0.013831,0.051003,0.477770
tournament 5,10,100,50,rosenbrock,3,0.002866,0.258504,0.279287,0.238449,0.521580
tournament 5,95,100,50,rosenbrock,3,0.001419,0.011397,0.014479,0.022012,0.493290
tournament 5,35,100,50,rosenbrock,3,0.009083,0.059707,0.055128,0.088317,0.459715
tournament 3,170,100,50,rosenbrock,3,0.003407,0.034299,0.041158,0.046281,0.656400
tournament 5,70,100,50,rosenbrock,3,0.000514,0.023052,0.025548,0.034519,0.301830
tournament 5,45,100,50,rosenbrock,3,0.006530,0.049122,0.051721,0.060799,0.511050
tournament 5,145,100,50,rosenbrock,3,0.001677,0.029531,0.026069,0.051334,0.310285
tournament 3,175,100,50,rosenbrock,3,0.001702,0.014940,0.019548,0.017626,0.698400
tournament 3,185,100,50,rosenbrock,3,0.008961,0.026807,0.034962,0.063441,0.697650
tournament 5,150,100,50,rosenbrock,3,0.000247,0.011465,0.011626,0.056767,0.313150
tournament 5,155,100,50,rosenbrock,3,0.004874,0.015122,0.017871,0.034769,0.303120
tournament 3,190,100,50,rosenbrock,3,0.000336,0.022237,0.024154,0.060436,0.754455
tournament 5,160,100,50,rosenbrock,3,0.000136,0.020007,0.022462,0.042318,0.396270
tournament 5,110,100,50,rosenbrock,3,0.002492,0.025103,0.027416,0.064055,0.334380
tournament 5,50,100,50,rosenbrock,3,0.000860,0.022080,0.027004,0.026558,0.320765
tournament 5,165,100,50,rosenbrock,3,0.008252,0.022010,0.027133,0.018155,0.433800
tournament 5,135,100,50,rosenbrock,3,0.003037,0.025322,0.027714,0.069173,0.567970
tournament 5,30,100,50,rosenbrock,3,0.003945,0.041312,0.048765,0.051675,0.449410
tournament 5,40,100,50,rosenbrock,3,0.004774,0.046940,0.053884,0.052575,0.387905
tournament 5,180,100,50,rosenbrock,3,0.001177,0.015257,0.017096,0.033745,0.469265
tournament 5,75,100,50,rosenbrock,3,0.002164,0.022016,0.026897,0.051296,0.282590
tournament 5,85,100,50,rosenbrock,3,0.002595,0.020590,0.021866,0.029279,0.283080
tournament 5,65,100,50,rosenbrock,3,0.003452,0.022139,0.019946,0.034621,0.328875
tournament 5,20,100,50,rosenbrock,3,0.021221,0.090856,0.089365,0.112935,0.305590
tournament 5,170,100,50,rosenbrock,3,0.003421,0.012247,0.014457,0.027846,0.311725
tournament 5,200,100,50,rosenbrock,3,0.000913,0.023404,0.033054,0.032154,0.391425
tournament 5,60,100,50,rosenbrock,3,0.001896,0.027950,0.036948,0.044075,0.420255
tournament 5,80,100,50,rosenbrock,3,0.007361,0.036022,0.037776,0.050227,0.419900
tournament 5,140,100,50,rosenbrock,3,0.001136,0.018397,0.025314,0.035744,0.433925
tournament 5,190,100,50,rosenbrock,3,0.001761,0.021873,0.027288,0.033816,0.272590
tournament 5,175,100,50,rosenbrock,3,0.002525,0.018482,0.021837,0.025715,0.352155
tournament 5,185,100,50,rosenbrock,3,0.000918,0.011726,0.012571,0.040214,0.326130
tournament 5,105,100,50,rosenbrock,3,0.001388,0.021316,0.023759,0.027746,0.406315
tournament 5,25,100,50,rosenbrock,3,0.016068,0.054860,0.048918,0.089057,0.461230
tournament 5,195,100,50,rosenbrock,3,0.003349,0.027293,0.031970,0.026724,0.307430
tournament 5,55,100,50,rosenbrock,3,0.000427,0.026590,0.033171,0.034160,0.347285
roulette wheel,25,300,150,rosenbrock,6,0.020582,0.097029,0.112401,0.093199,3.354750
roulette wheel,20,300,150,rosenbrock,6,0.015818,0.086092,0.091864,0.073820,3.445440
roulette wheel,35,300,150,rosenbrock,6,0.023888,0.085839,0.095844,0.049457,3.461040
roulette wheel,55,300,150,rosenbrock,6,0.005652,0.036867,0.043448,0.042916,3.399150
roulette wheel,90,300,150,rosenbrock,6,0.003600,0.020857,0.021740,0.021932,3.246340
roulette wheel,95,300,150,rosenbrock,6,0.004607,0.026350,0.033443,0.027908,3.277350
roulette wheel,70,300,150,rosenbrock,6,0.010788,0.038000,0.044845,0.026342,3.764920
roulette wheel,80,300,150,rosenbrock,6,0.003588,0.015385,0.016773,0.014760,3.978085
roulette wheel,45,300,150,rosenbrock,6,0.010518,0.037292,0.045410,0.046546,4.585755
roulette wheel,65,300,150,rosenbrock,6,0.008306,0.038068,0.049169,0.035706,4.879350
roulette wheel,100,300,150,rosenbrock,6,0.005828,0.019854,0.023053,0.018265,4.811855
roulette wheel,15,300,150,rosenbrock,6,0.017736,0.166802,0.200947,0.154556,5.538110
roulette wheel,120,300,150,rosenbrock,6,0.004035,0.018221,0.022531,0.022104,3.178905
roulette wheel,10,300,150,rosenbrock,6,0.042919,0.225204,0.268991,0.153352,5.587850
roulette wheel,5,300,150,rosenbrock,6,0.088160,0.421696,0.493823,0.483294,6.515055
tournament 3,5,300,150,rosenbrock,6,1.955336,10.139522,12.293374,7.636728,2.979880
roulette wheel,170,300,150,rosenbrock,6,0.003943,0.013259,0.014722,0.011620,3.133465
roulette wheel,185,300,150,rosenbrock,6,0.004366,0.017953,0.019975,0.011782,3.176285
roulette wheel,175,300,150,rosenbrock,6,0.001933,0.014617,0.015006,0.022735,3.232840
roulette wheel,130,300,150,rosenbrock,6,0.003734,0.015962,0.016557,0.025826,3.412515
roulette wheel,75,300,150,rosenbrock,6,0.004800,0.024446,0.023973,0.033506,6.709445
roulette wheel,85,300,150,rosenbrock,6,0.010386,0.025069,0.028052,0.020069,6.697735
roulette wheel,105,300,150,rosenbrock,6,0.005352,0.019961,0.022962,0.011508,6.550465
roulette wheel,110,300,150,rosenbrock,6,0.003473,0.023900,0.025403,0.027980,6.421300
roulette wheel,30,300,150,rosenbrock,6,0.010444,0.099048,0.113859,0.069982,7.311190
roulette wheel,40,300,150,rosenbrock,6,0.040770,0.077380,0.084200,0.030609,7.296905
roulette wheel,50,300,150,rosenbrock,6,0.009341,0.045861,0.049540,0.038624,7.417765
roulette wheel,135,300,150,rosenbrock,6,0.004255,0.012290,0.012327,0.010869,4.100750
tournament 3,10,300,150,rosenbrock,6,0.728297,2.931709,3.318595,1.130028,2.978950
roulette wheel,60,300,150,rosenbrock,6,0.015212,0.037681,0.041730,0.034361,7.510310
tournament 3,15,300,150,rosenbrock,6,0.246157,0.669496,0.714619,0.340245,2.870445
roulette wheel,155,300,150,rosenbrock,6,0.002602,0.015419,0.012877,0.020183,4.634840
tournament 3,25,300,150,rosenbrock,6,0.054301,0.195199,0.214980,0.120094,2.594090
roulette wheel,160,300,150,rosenbrock,6,0.003771,0.013397,0.016993,0.011241,5.006135
roulette wheel,165,300,150,rosenbrock,6,0.004616,0.015609,0.019426,0.012520,5.145510
roulette wheel,145,300,150,rosenbrock,6,0.003843,0.021502,0.025477,0.019915,5.391250
roulette wheel,125,300,150,rosenbrock,6,0.001298,0.018823,0.020864,0.024191,5.438220
roulette wheel,180,300,150,rosenbrock,6,0.001278,0.010579,0.010094,0.020599,5.429770
roulette wheel,190,300,150,rosenbrock,6,0.000487,0.011533,0.013680,0.023562,5.452305
roulette wheel,140,300,150,rosenbrock,6,0.004183,0.015941,0.020204,0.019662,5.606135
roulette wheel,115,300,150,rosenbrock,6,0.002966,0.013428,0.016220,0.013715,6.895005
tournament 3,35,300,150,rosenbrock,6,0.021476,0.096441,0.113496,0.053620,2.505480
roulette wheel,150,300,150,rosenbrock,6,0.000580,0.009991,0.012024,0.014936,5.706930
tournament 3,40,300,150,rosenbrock,6,0.027166,0.056807,0.064039,0.035855,2.580600
tournament 3,50,300,150,rosenbrock,6,0.020244,0.041907,0.048638,0.032994,2.526345
tournament 3,55,300,150,rosenbrock,6,0.010414,0.042150,0.046349,0.026964,2.553155
roulette wheel,195,300,150,rosenbrock,6,0.001218,0.013272,0.014892,0.010380,6.104630
tournament 3,60,300,150,rosenbrock,6,0.013958,0.037387,0.041882,0.043278,3.168310
roulette wheel,200,300,150,rosenbrock,6,0.001723,0.013925,0.013233,0.028647,5.853785
tournament 3,20,300,150,rosenbrock,6,0.082224,0.355188,0.418157,0.241211,4.788520
tournament 3,65,300,150,rosenbrock,6,0.006364,0.032195,0.038142,0.021032,2.783765
tournament 3,70,300,150,rosenbrock,6,0.001404,0.023265,0.028279,0.017184,2.599545
tournament 3,45,300,150,rosenbrock,6,0.019405,0.044258,0.049422,0.030083,3.794115
tournament 3,30,300,150,rosenbrock,6,0.037613,0.151664,0.182328,0.072058,4.060490
tournament 3,80,300,150,rosenbrock,6,0.010039,0.028309,0.035714,0.020552,2.715125
tournament 3,75,300,150,rosenbrock,6,0.004040,0.022192,0.026813,0.019993,3.075525
tournament 3,105,300,150,rosenbrock,6,0.007285,0.023153,0.021109,0.021737,2.437760
tournament 3,100,300,150,rosenbrock,6,0.007570,0.023877,0.028816,0.019006,2.501745
tournament 3,110,300,150,rosenbrock,6,0.006625,0.026058,0.030083,0.028526,2.494625
tournament 3,120,300,150,rosenbrock,6,0.006537,0.026446,0.030962,0.015911,2.500550
tournament 3,125,300,150,rosenbrock,6,0.003571,0.029714,0.034888,0.020020,2.923270
tournament 3,135,300,150,rosenbrock,6,0.005647,0.030224,0.031296,0.020524,2.679710
tournament 3,140,300,150,rosenbrock,6,0.008202,0.028343,0.029624,0.015891,2.485905
tournament 3,130,300,150,rosenbrock,6,0.003311,0.025944,0.025075,0.025778,3.562660
tournament 3,90,300,150,rosenbrock,6,0.007446,0.035763,0.046214,0.022502,4.362700
tournament 3,180,300,150,rosenbrock,6,0.002668,0.023108,0.028124,0.015797,2.658920
tournament 3,115,300,150,rosenbrock,6,0.008212,0.027505,0.028368,0.023125,4.542125
tournament 3,95,300,150,rosenbrock,6,0.002035,0.021968,0.026273,0.023911,4.905345
tournament 3,85,300,150,rosenbrock,6,0.009950,0.026365,0.028511,0.029778,5.070050
tournament 3,185,300,150,rosenbrock,6,0.005088,0.026885,0.030886,0.017132,2.450605
tournament 3,195,300,150,rosenbrock,6,0.003862,0.020932,0.023828,0.021884,2.480180
tournament 3,200,300,150,rosenbrock,6,0.003100,0.024895,0.027338,0.025465,2.514725
tournament 3,165,300,150,rosenbrock,6,0.004536,0.025803,0.031881,0.017301,3.678240
tournament 3,160,300,150,rosenbrock,6,0.006112,0.017554,0.020426,0.020228,3.824685
tournament 3,145,300,150,rosenbrock,6,0.005152,0.019142,0.021002,0.025287,4.076730
tournament 3,155,300,150,rosenbrock,6,0.002929,0.027823,0.031642,0.018279,3.858140
tournament 3,170,300,150,rosenbrock,6,0.008580,0.021431,0.024163,0.014124,3.830910
tournament 3,175,300,150,rosenbrock,6,0.001457,0.023427,0.025143,0.022995,3.934240
tournament 3,150,300,150,rosenbrock,6,0.003330,0.018969,0.022426,0.016211,4.219255
tournament 5,5,300,150,rosenbrock,6,5.761770,10.182855,12.257637,4.182740,3.490660
tournament 5,35,300,150,rosenbrock,6,0.061865,0.117917,0.138148,0.068769,3.044485
tournament 5,15,300,150,rosenbrock,6,0.547494,0.993904,1.074119,0.573585,3.497950
tournament 5,30,300,150,rosenbrock,6,0.051565,0.125463,0.123521,0.087822,3.480315
tournament 3,190,300,150,rosenbrock,6,0.007008,0.022397,0.022825,0.023882,4.554295
tournament 5,50,300,150,rosenbrock,6,0.004522,0.034571,0.045111,0.020319,2.905245
tournament 5,10,300,150,rosenbrock,6,0.722422,2.847517,3.400890,1.414609,4.232370
tournament 5,60,300,150,rosenbrock,6,0.013505,0.033828,0.040617,0.027949,2.939375
tournament 5,65,300,150,rosenbrock,6,0.003857,0.028229,0.032297,0.020533,2.979730
tournament 5,20,300,150,rosenbrock,6,0.052829,0.359604,0.380721,0.225910,4.751870
tournament 5,75,300,150,rosenbrock,6,0.009907,0.029980,0.028832,0.024926,2.940040
tournament 5,40,300,150,rosenbrock,6,0.026915,0.094893,0.110633,0.052534,3.833350
tournament 5,90,300,150,rosenbrock,6,0.005018,0.019169,0.017928,0.016274,2.952180
tournament 5,25,300,150,rosenbrock,6,0.034156,0.209760,0.246017,0.137522,5.288580
tournament 5,95,300,150,rosenbrock,6,0.001417,0.015769,0.019268,0.017767,3.720865
tournament 5,70,300,150,rosenbrock,6,0.010867,0.027519,0.032811,0.020398,4.028720
tournament 5,55,300,150,rosenbrock,6,0.010911,0.044561,0.054967,0.027270,4.428910
tournament 5,80,300,150,rosenbrock,6,0.002275,0.020698,0.026580,0.018636,4.348720
tournament 5,115,300,150,rosenbrock,6,0.001817,0.014690,0.018080,0.013593,3.140165
tournament 5,105,300,150,rosenbrock,6,0.008445,0.022817,0.025298,0.020589,3.595875
tournament 5,85,300,150,rosenbrock,6,0.002355,0.025711,0.025800,0.028931,4.517785
tournament 5,45,300,150,rosenbrock,6,0.019379,0.055132,0.062188,0.028572,5.874740
tournament 5,130,300,150,rosenbrock,6,0.003529,0.020179,0.024119,0.016656,3.004810
tournament 5,110,300,150,rosenbrock,6,0.006723,0.021139,0.021172,0.023708,4.218850
tournament 5,125,300,150,rosenbrock,6,0.004791,0.022510,0.028653,0.013888,3.333180
tournament 5,100,300,150,rosenbrock,6,0.001626,0.016774,0.018052,0.016671,4.783675
tournament 5,135,300,150,rosenbrock,6,0.006183,0.015403,0.018818,0.012474,3.046940
tournament 5,140,300,150,rosenbrock,6,0.002950,0.010634,0.010878,0.016921,3.717990
tournament 5,155,300,150,rosenbrock,6,0.001991,0.022433,0.030068,0.016752,3.747670
tournament 5,180,300,150,rosenbrock,6,0.002080,0.013522,0.015984,0.012750,3.219775
tournament 5,165,300,150,rosenbrock,6,0.001331,0.013169,0.016504,0.012292,3.773665
tournament 5,120,300,150,rosenbrock,6,0.002342,0.016341,0.018637,0.021401,5.096930
tournament 5,185,300,150,rosenbrock,6,0.005769,0.016916,0.016838,0.020443,2.814795
tournament 5,160,300,150,rosenbrock,6,0.004941,0.014103,0.016138,0.016576,3.889375
tournament 5,145,300,150,rosenbrock,6,0.004242,0.014321,0.016832,0.015250,4.030495
tournament 5,175,300,150,rosenbrock,6,0.001007,0.014514,0.018466,0.020423,3.509805
tournament 5,150,300,150,rosenbrock,6,0.006498,0.015681,0.017641,0.017120,4.117270
tournament 5,170,300,150,rosenbrock,6,0.000859,0.013115,0.017214,0.012045,4.075655
tournament 5,190,300,150,rosenbrock,6,0.001415,0.013807,0.016404,0.014390,2.826455
tournament 5,195,300,150,rosenbrock,6,0.005199,0.014365,0.016313,0.009902,3.064385
tournament 5,200,300,150,rosenbrock,6,0.001984,0.010643,0.012841,0.009669,3.223495
roulette wheel,90,600,300,rosenbrock,9,0.006816,0.014415,0.016386,0.010949,17.092670
roulette wheel,75,600,300,rosenbrock,9,0.003440,0.022252,0.027084,0.016425,17.442595
roulette wheel,55,600,300,rosenbrock,9,0.005643,0.030440,0.030751,0.021075,17.616180
roulette wheel,50,600,300,rosenbrock,9,0.004000,0.036419,0.041974,0.023334,17.664750
roulette wheel,40,600,300,rosenbrock,9,0.007396,0.045169,0.055412,0.026666,17.782320
roulette wheel,70,600,300,rosenbrock,9,0.004418,0.013635,0.016746,0.014602,17.886545
roulette wheel,20,600,300,rosenbrock,9,0.026721,0.121467,0.158216,0.081585,18.123620
roulette wheel,95,600,300,rosenbrock,9,0.006302,0.013858,0.014608,0.011226,17.963230
roulette wheel,35,600,300,rosenbrock,9,0.023635,0.049564,0.051601,0.040124,18.582230
roulette wheel,45,600,300,rosenbrock,9,0.011335,0.036331,0.038187,0.025831,18.668500
roulette wheel,60,600,300,rosenbrock,9,0.014383,0.030852,0.035880,0.011511,18.695650
roulette wheel,100,600,300,rosenbrock,9,0.003785,0.012463,0.014153,0.014776,18.542070
roulette wheel,30,600,300,rosenbrock,9,0.010936,0.081816,0.096354,0.067106,19.551320
roulette wheel,65,600,300,rosenbrock,9,0.009307,0.021150,0.023820,0.012276,19.837215
roulette wheel,25,600,300,rosenbrock,9,0.012655,0.087706,0.102047,0.085381,19.948340
roulette wheel,85,600,300,rosenbrock,9,0.001367,0.014312,0.016586,0.012230,20.469740
roulette wheel,15,600,300,rosenbrock,9,0.062584,0.180120,0.200407,0.095924,20.933950
roulette wheel,10,600,300,rosenbrock,9,0.027198,0.315181,0.380558,0.279640,20.980240
roulette wheel,5,600,300,rosenbrock,9,0.128574,0.600283,0.714263,0.421284,22.077625
roulette wheel,105,600,300,rosenbrock,9,0.001975,0.014688,0.017141,0.014580,22.177875
roulette wheel,80,600,300,rosenbrock,9,0.006623,0.018640,0.021373,0.010433,22.564160
roulette wheel,115,600,300,rosenbrock,9,0.005106,0.012159,0.014360,0.010942,20.067255
roulette wheel,110,600,300,rosenbrock,9,0.004370,0.012795,0.014732,0.015112,22.277600
roulette wheel,120,600,300,rosenbrock,9,0.001651,0.009645,0.011026,0.004585,23.670415
roulette wheel,125,600,300,rosenbrock,9,0.001105,0.011448,0.013605,0.009422,21.457645
roulette wheel,130,600,300,rosenbrock,9,0.004496,0.010368,0.011875,0.006464,20.042725
roulette wheel,135,600,300,rosenbrock,9,0.002833,0.007731,0.008828,0.006379,21.359140
tournament 3,25,600,300,rosenbrock,9,0.127542,0.328834,0.368234,0.144301,15.699955
roulette wheel,180,600,300,rosenbrock,9,0.002754,0.006651,0.006792,0.006779,17.466365
tournament 3,15,600,300,rosenbrock,9,0.552734,2.431314,2.871564,1.223685,16.509630
roulette wheel,140,600,300,rosenbrock,9,0.002214,0.010033,0.012632,0.006109,19.512405
roulette wheel,145,600,300,rosenbrock,9,0.002743,0.010985,0.013985,0.007476,19.553540
roulette wheel,150,600,300,rosenbrock,9,0.004239,0.012845,0.014659,0.011126,19.301560
tournament 3,20,600,300,rosenbrock,9,0.054668,0.771134,0.936132,0.450337,16.620270
roulette wheel,170,600,300,rosenbrock,9,0.001273,0.008582,0.010580,0.006193,19.471240
roulette wheel,155,600,300,rosenbrock,9,0.002046,0.008799,0.011381,0.005924,19.710590
roulette wheel,160,600,300,rosenbrock,9,0.000977,0.008229,0.008453,0.008307,19.934030
tournament 3,10,600,300,rosenbrock,9,2.297964,8.936438,9.778610,4.194329,18.648365
roulette wheel,185,600,300,rosenbrock,9,0.002414,0.007362,0.009189,0.007955,19.063490
roulette wheel,165,600,300,rosenbrock,9,0.001437,0.005419,0.005354,0.006648,20.953435
tournament 3,30,600,300,rosenbrock,9,0.058386,0.129344,0.156058,0.076656,16.184025
tournament 3,5,600,300,rosenbrock,9,20.945650,58.932838,67.873962,20.857277,20.049265
roulette wheel,200,600,300,rosenbrock,9,0.001878,0.008461,0.009523,0.008482,20.618545
roulette wheel,190,600,300,rosenbrock,9,0.003058,0.007430,0.007441,0.005003,20.849520
roulette wheel,195,600,300,rosenbrock,9,0.001098,0.008271,0.009862,0.007836,22.262440
tournament 3,35,600,300,rosenbrock,9,0.013858,0.075514,0.085360,0.042476,16.562050
roulette wheel,175,600,300,rosenbrock,9,0.001726,0.007213,0.008801,0.008670,25.202770
tournament 3,40,600,300,rosenbrock,9,0.007423,0.040931,0.046134,0.033398,19.707460
tournament 3,55,600,300,rosenbrock,9,0.005065,0.014370,0.015145,0.010730,14.084995
tournament 3,45,600,300,rosenbrock,9,0.011491,0.032674,0.035068,0.016490,15.886530
tournament 3,80,600,300,rosenbrock,9,0.002651,0.012028,0.013280,0.008434,14.568940
tournament 3,70,600,300,rosenbrock,9,0.003791,0.017729,0.021105,0.008385,15.211790
tournament 3,120,600,300,rosenbrock,9,0.004517,0.011635,0.014774,0.006589,14.132925
tournament 3,65,600,300,rosenbrock,9,0.007106,0.017552,0.021042,0.011020,15.642565
tournament 3,95,600,300,rosenbrock,9,0.005836,0.010139,0.009956,0.006907,15.521175
tournament 3,90,600,300,rosenbrock,9,0.001904,0.011859,0.013192,0.009591,16.051550
tournament 3,130,600,300,rosenbrock,9,0.002119,0.009950,0.011462,0.006661,14.878815
tournament 3,140,600,300,rosenbrock,9,0.002723,0.010723,0.014275,0.008240,14.785145
tournament 3,125,600,300,rosenbrock,9,0.003459,0.010396,0.011657,0.010107,15.197535
tournament 3,135,600,300,rosenbrock,9,0.004162,0.011368,0.013542,0.006685,15.984690
tournament 3,175,600,300,rosenbrock,9,0.002637,0.007592,0.007739,0.009571,15.997450
tournament 3,115,600,300,rosenbrock,9,0.003681,0.011394,0.013419,0.008718,17.265785
tournament 3,100,600,300,rosenbrock,9,0.007942,0.012575,0.012891,0.006866,18.213310
tournament 3,150,600,300,rosenbrock,9,0.001083,0.010511,0.010669,0.008615,14.750040
tournament 3,75,600,300,rosenbrock,9,0.002895,0.010653,0.011686,0.006175,19.410635
tournament 3,160,600,300,rosenbrock,9,0.005385,0.012301,0.013804,0.005564,13.606135
tournament 3,85,600,300,rosenbrock,9,0.004526,0.011210,0.014091,0.005872,19.979505
tournament 3,105,600,300,rosenbrock,9,0.004130,0.013329,0.015001,0.006491,20.138275
tournament 3,60,600,300,rosenbrock,9,0.006136,0.016742,0.017285,0.011152,21.385325
tournament 3,165,600,300,rosenbrock,9,0.001745,0.010811,0.012956,0.008898,14.835780
tournament 3,145,600,300,rosenbrock,9,0.003245,0.010021,0.010874,0.011611,18.280075
tournament 3,170,600,300,rosenbrock,9,0.002968,0.011384,0.014318,0.006147,13.528535
tournament 3,50,600,300,rosenbrock,9,0.011214,0.030944,0.032052,0.024800,23.178730
tournament 3,155,600,300,rosenbrock,9,0.003464,0.011703,0.014811,0.006249,20.651180
tournament 3,190,600,300,rosenbrock,9,0.003990,0.010888,0.012835,0.007564,13.143675
tournament 3,110,600,300,rosenbrock,9,0.003231,0.010538,0.013148,0.008799,15.566170
tournament 3,195,600,300,rosenbrock,9,0.004060,0.011330,0.011884,0.006961,14.970240
tournament 3,185,600,300,rosenbrock,9,0.002776,0.009415,0.010799,0.009409,15.561485
tournament 5,5,600,300,rosenbrock,9,29.095371,52.845303,56.246246,15.684341,17.684890
tournament 5,45,600,300,rosenbrock,9,0.025465,0.046555,0.050519,0.024039,16.189720
tournament 3,180,600,300,rosenbrock,9,0.001903,0.010034,0.011122,0.007477,19.720100
tournament 5,50,600,300,rosenbrock,9,0.021339,0.036446,0.039012,0.018472,16.523365
tournament 5,60,600,300,rosenbrock,9,0.007754,0.021376,0.024034,0.013704,17.292875
tournament 5,35,600,300,rosenbrock,9,0.038461,0.090900,0.105772,0.061965,19.079945
tournament 5,55,600,300,rosenbrock,9,0.007077,0.029576,0.032015,0.018312,17.645285
tournament 5,80,600,300,rosenbrock,9,0.004850,0.013078,0.014054,0.008751,16.252460
tournament 3,200,600,300,rosenbrock,9,0.003479,0.010781,0.012357,0.006079,22.665650
tournament 5,95,600,300,rosenbrock,9,0.002522,0.007060,0.007803,0.004352,17.451740
tournament 5,85,600,300,rosenbrock,9,0.003153,0.010086,0.010232,0.008148,17.719730
tournament 5,15,600,300,rosenbrock,9,0.975277,2.605507,3.045801,0.847195,22.815300
tournament 5,10,600,300,rosenbrock,9,4.990103,9.324284,10.230625,3.296553,23.586505
tournament 5,40,600,300,rosenbrock,9,0.020600,0.061787,0.076443,0.036063,22.432870
tournament 5,20,600,300,rosenbrock,9,0.306439,0.996684,1.203782,0.399348,23.721630
tournament 5,25,600,300,rosenbrock,9,0.062434,0.328496,0.403275,0.177154,24.002770
tournament 5,75,600,300,rosenbrock,9,0.003027,0.014081,0.016521,0.008007,20.677885
tournament 5,65,600,300,rosenbrock,9,0.006169,0.013087,0.014100,0.010138,23.348395
tournament 5,30,600,300,rosenbrock,9,0.042508,0.182743,0.205583,0.084505,26.166390
tournament 5,90,600,300,rosenbrock,9,0.004064,0.009032,0.010492,0.006370,24.224505
tournament 5,70,600,300,rosenbrock,9,0.003291,0.011113,0.013304,0.008058,25.461665
tournament 5,155,600,300,rosenbrock,9,0.003289,0.008327,0.009525,0.006803,13.195595
tournament 5,170,600,300,rosenbrock,9,0.001128,0.005706,0.007189,0.006865,13.162650
tournament 5,145,600,300,rosenbrock,9,0.002162,0.006057,0.006939,0.004077,13.651770
tournament 5,180,600,300,rosenbrock,9,0.001514,0.007639,0.009660,0.004629,13.224425
tournament 5,100,600,300,rosenbrock,9,0.002036,0.008535,0.009743,0.006671,24.546685
tournament 5,115,600,300,rosenbrock,9,0.002126,0.008540,0.010022,0.005970,15.865710
tournament 5,190,600,300,rosenbrock,9,0.000341,0.007293,0.010085,0.006252,13.019480
tournament 5,175,600,300,rosenbrock,9,0.000763,0.009070,0.010601,0.007607,15.431305
tournament 5,130,600,300,rosenbrock,9,0.001451,0.005660,0.006505,0.004515,15.907835
tournament 5,125,600,300,rosenbrock,9,0.001347,0.007349,0.008100,0.007188,17.236545
tournament 5,140,600,300,rosenbrock,9,0.003161,0.006752,0.007330,0.005588,17.785600
tournament 5,200,600,300,rosenbrock,9,0.000859,0.006122,0.006899,0.004775,13.391105
tournament 5,160,600,300,rosenbrock,9,0.001393,0.007528,0.008661,0.009834,19.371950
tournament 5,135,600,300,rosenbrock,9,0.002216,0.007142,0.008052,0.006936,19.752220
tournament 5,105,600,300,rosenbrock,9,0.002919,0.006827,0.007099,0.004494,22.620040
tournament 5,195,600,300,rosenbrock,9,0.002990,0.006557,0.007487,0.004694,16.611270
tournament 5,120,600,300,rosenbrock,9,0.000979,0.007033,0.008758,0.006851,21.542645
tournament 5,110,600,300,rosenbrock,9,0.002419,0.007963,0.008229,0.007409,22.422770
tournament 5,185,600,300,rosenbrock,9,0.001509,0.003778,0.004170,0.003496,18.805560
tournament 5,150,600,300,rosenbrock,9,0.002588,0.006843,0.006871,0.007024,20.970005
tournament 5,165,600,300,rosenbrock,9,0.002046,0.006014,0.006681,0.006250,20.792350
