teaching_factor,outstanding_percentage,n_leaders,population_size,num_iterations,objective,dimensionality,best_value,average_value_top_80,median_value,stddev_value,average_time_ms
0.500000,0.000000,3,150,50,rosenbrock,3,0.000000,0.000000,0.000000,0.049042,8.241080
0.500000,0.071429,3,150,50,rosenbrock,3,0.000000,0.000000,0.000000,0.000000,8.772780
0.500000,0.142857,3,150,50,rosenbrock,3,0.000000,0.000000,0.000000,0.000006,8.223880
0.500000,0.214286,3,150,50,rosenbrock,3,0.000000,0.000000,0.000000,0.000000,8.252910
0.500000,0.285714,3,150,50,rosenbrock,3,0.000000,0.000000,0.000000,0.000000,8.410030
0.500000,0.357143,3,150,50,rosenbrock,3,0.000000,0.000000,0.000000,0.000000,8.481800
0.500000,0.428571,3,150,50,rosenbrock,3,0.000000,0.000000,0.000000,0.000001,8.643810
0.500000,0.500000,3,150,50,rosenbrock,3,0.000000,0.000000,0.000000,0.003307,8.802110
0.500000,0.571429,3,150,50,rosenbrock,3,0.000000,0.000000,0.000000,0.012481,8.876360
0.500000,0.642857,3,150,50,rosenbrock,3,0.000000,0.000000,0.000000,0.000016,8.959560
0.500000,0.714286,3,150,50,rosenbrock,3,0.000000,0.000000,0.000000,0.000068,9.035590
0.500000,0.785714,3,150,50,rosenbrock,3,0.000000,0.000000,0.000000,0.107161,9.161110
0.500000,0.857143,3,150,50,rosenbrock,3,0.000000,0.000000,0.000000,0.056845,9.281850
0.500000,0.928571,3,150,50,rosenbrock,3,0.000000,0.000000,0.000000,0.000182,12.317220
0.500000,1.000000,3,150,50,rosenbrock,3,0.000000,0.000027,0.000003,0.119152,13.851640
0.642857,0.000000,3,150,50,rosenbrock,3,0.000000,0.000000,0.000000,0.235674,10.968590
0.642857,0.071429,3,150,50,rosenbrock,3,0.000000,0.000000,0.000000,0.000799,10.447380
0.642857,0.142857,3,150,50,rosenbrock,3,0.000000,0.000000,0.000000,0.000029,9.218790
0.642857,0.214286,3,150,50,rosenbrock,3,0.000000,0.000000,0.000000,0.000000,9.261440
0.642857,0.285714,3,150,50,rosenbrock,3,0.000000,0.000000,0.000000,0.000000,9.357800
0.642857,0.357143,3,150,50,rosenbrock,3,0.000000,0.000000,0.000000,0.000000,9.570960
0.642857,0.428571,3,150,50,rosenbrock,3,0.000000,0.000000,0.000000,0.000000,9.632590
0.642857,0.500000,3,150,50,rosenbrock,3,0.000000,0.000000,0.000000,0.000003,10.273490
0.642857,0.571429,3,150,50,rosenbrock,3,0.000000,0.000000,0.000000,0.003220,10.088700
0.642857,0.642857,3,150,50,rosenbrock,3,0.000000,0.000000,0.000000,0.000197,10.355090
0.642857,0.714286,3,150,50,rosenbrock,3,0.000000,0.000000,0.000000,0.081995,10.130310
0.642857,0.785714,3,150,50,rosenbrock,3,0.000000,0.000000,0.000000,0.158068,10.239580
0.642857,0.857143,3,150,50,rosenbrock,3,0.000000,0.000000,0.000000,0.184560,10.373110
0.642857,0.928571,3,150,50,rosenbrock,3,0.000000,0.000000,0.000000,0.068134,10.426950
0.642857,1.000000,3,150,50,rosenbrock,3,0.000000,0.000003,0.000000,0.075127,10.512680
0.785714,0.000000,3,150,50,rosenbrock,3,0.000000,0.000000,0.000000,0.013592,8.736010
0.785714,0.071429,3,150,50,rosenbrock,3,0.000000,0.000000,0.000000,0.000001,8.720780
0.785714,0.142857,3,150,50,rosenbrock,3,0.000000,0.000000,0.000000,0.000000,9.007260
0.785714,0.214286,3,150,50,rosenbrock,3,0.000000,0.000000,0.000000,0.000000,9.016270
0.785714,0.285714,3,150,50,rosenbrock,3,0.000000,0.000000,0.000000,0.000000,9.146890
0.785714,0.357143,3,150,50,rosenbrock,3,0.000000,0.000000,0.000000,0.000000,9.219710
0.785714,0.428571,3,150,50,rosenbrock,3,0.000000,0.000000,0.000000,0.002597,9.484360
0.785714,0.500000,3,150,50,rosenbrock,3,0.000000,0.000000,0.000000,0.149724,9.657030
0.785714,0.571429,3,150,50,rosenbrock,3,0.000000,0.000000,0.000000,0.000000,9.697130
0.785714,0.642857,3,150,50,rosenbrock,3,0.000000,0.000000,0.000000,0.000000,9.843690
0.785714,0.714286,3,150,50,rosenbrock,3,0.000000,0.000000,0.000000,0.026653,9.999830
0.785714,0.785714,3,150,50,rosenbrock,3,0.000000,0.000000,0.000000,0.000018,9.971160
0.785714,0.857143,3,150,50,rosenbrock,3,0.000000,0.000000,0.000000,0.000232,10.111540
0.785714,0.928571,3,150,50,rosenbrock,3,0.000000,0.000000,0.000000,0.039260,10.178630
0.785714,1.000000,3,150,50,rosenbrock,3,0.000000,0.000000,0.000000,0.034006,10.137670
0.928571,0.000000,3,150,50,rosenbrock,3,0.000000,0.000000,0.000000,0.112548,8.573700
0.928571,0.071429,3,150,50,rosenbrock,3,0.000000,0.000000,0.000000,0.000000,9.710730
0.928571,0.142857,3,150,50,rosenbrock,3,0.000000,0.000000,0.000000,0.000000,8.935350
0.928571,0.214286,3,150,50,rosenbrock,3,0.000000,0.000000,0.000000,0.000000,9.053330
0.928571,0.285714,3,150,50,rosenbrock,3,0.000000,0.000000,0.000000,0.000000,9.197410
0.928571,0.357143,3,150,50,rosenbrock,3,0.000000,0.000000,0.000000,0.000000,9.343540
0.928571,0.428571,3,150,50,rosenbrock,3,0.000000,0.000000,0.000000,0.000000,9.691570
0.928571,0.500000,3,150,50,rosenbrock,3,0.000000,0.000000,0.000000,0.031284,9.479020
0.928571,0.571429,3,150,50,rosenbrock,3,0.000000,0.000000,0.000000,0.033567,9.666580
0.928571,0.642857,3,150,50,rosenbrock,3,0.000000,0.000000,0.000000,0.007260,9.753080
0.928571,0.714286,3,150,50,rosenbrock,3,0.000000,0.000000,0.000000,0.116159,9.872170
0.928571,0.785714,3,150,50,rosenbrock,3,0.000000,0.000000,0.000000,0.015322,9.975590
0.928571,0.857143,3,150,50,rosenbrock,3,0.000000,0.000000,0.000000,0.235116,10.347120
0.928571,0.928571,3,150,50,rosenbrock,3,0.000000,0.000000,0.000000,0.060027,11.383130
0.928571,1.000000,3,150,50,rosenbrock,3,0.000000,0.000001,0.000000,0.324074,10.393730
1.071429,0.000000,3,150,50,rosenbrock,3,0.000000,0.000000,0.000000,0.002094,8.702900
1.071429,0.071429,3,150,50,rosenbrock,3,0.000000,0.000000,0.000000,0.000000,8.870480
1.071429,0.142857,3,150,50,rosenbrock,3,0.000000,0.000000,0.000000,0.000000,8.919430
1.071429,0.214286,3,150,50,rosenbrock,3,0.000000,0.000000,0.000000,0.000000,8.964500
1.071429,0.285714,3,150,50,rosenbrock,3,0.000000,0.000000,0.000000,0.000000,9.098020
1.071429,0.357143,3,150,50,rosenbrock,3,0.000000,0.000000,0.000000,0.000000,9.243180
1.071429,0.428571,3,150,50,rosenbrock,3,0.000000,0.000000,0.000000,0.000000,9.638900
1.071429,0.500000,3,150,50,rosenbrock,3,0.000000,0.000000,0.000000,0.000000,10.469170
1.071429,0.571429,3,150,50,rosenbrock,3,0.000000,0.000000,0.000000,0.000052,9.752850
1.071429,0.642857,3,150,50,rosenbrock,3,0.000000,0.000000,0.000000,0.000108,9.913280
1.071429,0.714286,3,150,50,rosenbrock,3,0.000000,0.000000,0.000000,0.015056,10.101000
1.071429,0.785714,3,150,50,rosenbrock,3,0.000000,0.000000,0.000000,0.160205,10.162040
1.071429,0.857143,3,150,50,rosenbrock,3,0.000000,0.000000,0.000000,0.035311,10.258470
1.071429,0.928571,3,150,50,rosenbrock,3,0.000000,0.000000,0.000000,0.154759,10.212640
1.071429,1.000000,3,150,50,rosenbrock,3,0.000000,0.000007,0.000001,0.101646,10.147310
1.214286,0.000000,3,150,50,rosenbrock,3,0.000000,0.000000,0.000000,0.097377,8.514020
1.214286,0.071429,3,150,50,rosenbrock,3,0.000000,0.000000,0.000000,0.000210,8.652610
1.214286,0.142857,3,150,50,rosenbrock,3,0.000000,0.000000,0.000000,0.000000,8.875180
1.214286,0.214286,3,150,50,rosenbrock,3,0.000000,0.000000,0.000000,0.000000,9.103630
1.214286,0.285714,3,150,50,rosenbrock,3,0.000000,0.000000,0.000000,0.000000,9.232780
1.214286,0.357143,3,150,50,rosenbrock,3,0.000000,0.000000,0.000000,0.000005,9.371310
1.214286,0.428571,3,150,50,rosenbrock,3,0.000000,0.000000,0.000000,0.000000,9.520020
1.214286,0.500000,3,150,50,rosenbrock,3,0.000000,0.000000,0.000000,0.000001,9.692070
1.214286,0.571429,3,150,50,rosenbrock,3,0.000000,0.000000,0.000000,0.000000,9.659090
1.214286,0.642857,3,150,50,rosenbrock,3,0.000000,0.000000,0.000000,0.000005,9.789140
1.214286,0.714286,3,150,50,rosenbrock,3,0.000000,0.000000,0.000000,0.000058,9.897040
1.214286,0.785714,3,150,50,rosenbrock,3,0.000000,0.000000,0.000000,0.000000,9.942640
1.214286,0.857143,3,150,50,rosenbrock,3,0.000000,0.000000,0.000000,0.012260,10.115850
1.214286,0.928571,3,150,50,rosenbrock,3,0.000000,0.000000,0.000000,0.000910,10.336750
1.214286,1.000000,3,150,50,rosenbrock,3,0.000000,0.005076,0.000557,0.106606,10.238000
1.357143,0.000000,3,150,50,rosenbrock,3,0.000000,0.000000,0.000000,0.101096,8.633260
1.357143,0.071429,3,150,50,rosenbrock,3,0.000000,0.000000,0.000000,0.000000,8.956740
1.357143,0.142857,3,150,50,rosenbrock,3,0.000000,0.000000,0.000000,0.000002,9.492330
1.357143,0.214286,3,150,50,rosenbrock,3,0.000000,0.000000,0.000000,0.008933,9.086780
1.357143,0.285714,3,150,50,rosenbrock,3,0.000000,0.000000,0.000000,0.000000,9.066580
1.357143,0.357143,3,150,50,rosenbrock,3,0.000000,0.000000,0.000000,0.000000,9.215880
1.357143,0.428571,3,150,50,rosenbrock,3,0.000000,0.000000,0.000000,0.000000,9.294090
1.357143,0.500000,3,150,50,rosenbrock,3,0.000000,0.000000,0.000000,0.000000,9.560570
1.357143,0.571429,3,150,50,rosenbrock,3,0.000000,0.000000,0.000000,0.000000,9.619640
1.357143,0.642857,3,150,50,rosenbrock,3,0.000000,0.000000,0.000000,0.000000,10.044220
1.357143,0.714286,3,150,50,rosenbrock,3,0.000000,0.000000,0.000000,0.000001,10.048700
1.357143,0.785714,3,150,50,rosenbrock,3,0.000000,0.000000,0.000000,0.002900,10.227980
1.357143,0.857143,3,150,50,rosenbrock,3,0.000000,0.000000,0.000000,0.000001,10.307190
1.357143,0.928571,3,150,50,rosenbrock,3,0.000000,0.000000,0.000000,0.000410,10.383720
1.357143,1.000000,3,150,50,rosenbrock,3,0.000000,0.011336,0.005717,0.313190,10.101500
1.500000,0.000000,3,150,50,rosenbrock,3,0.000000,0.000000,0.000000,0.106015,8.498780
1.500000,0.071429,3,150,50,rosenbrock,3,0.000000,0.000000,0.000000,0.017081,8.665810
1.500000,0.142857,3,150,50,rosenbrock,3,0.000000,0.000000,0.000000,0.000000,8.825000
1.500000,0.214286,3,150,50,rosenbrock,3,0.000000,0.000000,0.000000,0.000000,9.412180
1.500000,0.285714,3,150,50,rosenbrock,3,0.000000,0.000000,0.000000,0.000000,9.106110
1.500000,0.357143,3,150,50,rosenbrock,3,0.000000,0.000000,0.000000,0.000000,9.310820
1.500000,0.428571,3,150,50,rosenbrock,3,0.000000,0.000000,0.000000,0.000000,9.463540
1.500000,0.500000,3,150,50,rosenbrock,3,0.000000,0.000000,0.000000,0.000000,9.576000
1.500000,0.571429,3,150,50,rosenbrock,3,0.000000,0.000000,0.000000,0.000000,9.721490
1.500000,0.642857,3,150,50,rosenbrock,3,0.000000,0.000000,0.000000,0.000000,9.897470
1.500000,0.714286,3,150,50,rosenbrock,3,0.000000,0.000000,0.000000,0.000000,10.510930
1.500000,0.785714,3,150,50,rosenbrock,3,0.000000,0.000000,0.000000,0.005970,10.450350
1.500000,0.857143,3,150,50,rosenbrock,3,0.000000,0.000000,0.000000,0.000005,10.175190
1.500000,0.928571,3,150,50,rosenbrock,3,0.000000,0.000000,0.000000,0.000582,10.229130
1.500000,1.000000,3,150,50,rosenbrock,3,0.000000,0.011191,0.006125,0.180803,10.096580
1.642857,0.000000,3,150,50,rosenbrock,3,0.000000,0.000000,0.000000,0.003128,8.701650
1.642857,0.071429,3,150,50,rosenbrock,3,0.000000,0.000000,0.000000,0.000005,9.555150
1.642857,0.142857,3,150,50,rosenbrock,3,0.000000,0.000000,0.000000,0.217478,9.017580
1.642857,0.214286,3,150,50,rosenbrock,3,0.000000,0.000000,0.000000,0.002347,9.243950
1.642857,0.285714,3,150,50,rosenbrock,3,0.000000,0.000000,0.000000,0.000000,9.269180
1.642857,0.357143,3,150,50,rosenbrock,3,0.000000,0.000000,0.000000,0.000000,9.322540
1.642857,0.428571,3,150,50,rosenbrock,3,0.000000,0.000000,0.000000,0.000000,9.461070
1.642857,0.500000,3,150,50,rosenbrock,3,0.000000,0.000000,0.000000,0.000000,9.520950
1.642857,0.571429,3,150,50,rosenbrock,3,0.000000,0.000000,0.000000,0.000000,9.617910
1.642857,0.642857,3,150,50,rosenbrock,3,0.000000,0.000000,0.000000,0.000000,9.763930
1.642857,0.714286,3,150,50,rosenbrock,3,0.000000,0.000000,0.000000,0.000000,9.885990
1.642857,0.785714,3,150,50,rosenbrock,3,0.000000,0.000000,0.000000,0.000000,10.179610
1.642857,0.857143,3,150,50,rosenbrock,3,0.000000,0.000000,0.000000,0.001210,10.348320
1.642857,0.928571,3,150,50,rosenbrock,3,0.000000,0.000001,0.000000,0.006607,10.436490
1.642857,1.000000,3,150,50,rosenbrock,3,0.000001,0.016571,0.013729,0.068838,10.219620
1.785714,0.000000,3,150,50,rosenbrock,3,0.000000,0.000000,0.000000,0.000584,8.593220
1.785714,0.071429,3,150,50,rosenbrock,3,0.000000,0.000000,0.000000,0.008610,8.676670
1.785714,0.142857,3,150,50,rosenbrock,3,0.000000,0.000000,0.000000,0.000001,8.789090
1.785714,0.214286,3,150,50,rosenbrock,3,0.000000,0.000000,0.000000,0.000000,8.908520
1.785714,0.285714,3,150,50,rosenbrock,3,0.000000,0.000000,0.000000,0.000000,9.115220
1.785714,0.357143,3,150,50,rosenbrock,3,0.000000,0.000000,0.000000,0.000000,9.813880
1.785714,0.428571,3,150,50,rosenbrock,3,0.000000,0.000000,0.000000,0.042017,9.481350
1.785714,0.500000,3,150,50,rosenbrock,3,0.000000,0.000000,0.000000,0.000000,9.642270
1.785714,0.571429,3,150,50,rosenbrock,3,0.000000,0.000000,0.000000,0.052676,9.859930
1.785714,0.642857,3,150,50,rosenbrock,3,0.000000,0.000000,0.000000,0.000096,9.950450
1.785714,0.714286,3,150,50,rosenbrock,3,0.000000,0.000000,0.000000,0.000000,10.078340
1.785714,0.785714,3,150,50,rosenbrock,3,0.000000,0.000000,0.000000,0.000003,10.142210
1.785714,0.857143,3,150,50,rosenbrock,3,0.000000,0.000000,0.000000,0.000001,10.203430
1.785714,0.928571,3,150,50,rosenbrock,3,0.000000,0.000001,0.000001,0.000236,10.148990
1.785714,1.000000,3,150,50,rosenbrock,3,0.000001,0.019145,0.021757,0.087353,10.120810
1.928571,0.000000,3,150,50,rosenbrock,3,0.000000,0.000000,0.000000,0.062947,8.510210
1.928571,0.071429,3,150,50,rosenbrock,3,0.000000,0.000000,0.000000,0.000000,8.626320
1.928571,0.142857,3,150,50,rosenbrock,3,0.000000,0.000000,0.000000,0.004707,8.900030
1.928571,0.214286,3,150,50,rosenbrock,3,0.000000,0.000000,0.000000,0.000005,9.140190
1.928571,0.285714,3,150,50,rosenbrock,3,0.000000,0.000000,0.000000,0.000000,9.196620
1.928571,0.357143,3,150,50,rosenbrock,3,0.000000,0.000000,0.000000,0.000000,9.371920
1.928571,0.428571,3,150,50,rosenbrock,3,0.000000,0.000000,0.000000,0.000000,9.506080
1.928571,0.500000,3,150,50,rosenbrock,3,0.000000,0.000000,0.000000,0.000000,9.560230
1.928571,0.571429,3,150,50,rosenbrock,3,0.000000,0.000000,0.000000,0.000000,9.580600
1.928571,0.642857,3,150,50,rosenbrock,3,0.000000,0.000000,0.000000,0.000000,9.765930
1.928571,0.714286,3,150,50,rosenbrock,3,0.000000,0.000000,0.000000,0.000000,9.851680
1.928571,0.785714,3,150,50,rosenbrock,3,0.000000,0.000000,0.000000,0.000001,9.929890
1.928571,0.857143,3,150,50,rosenbrock,3,0.000000,0.000000,0.000000,0.000031,10.115480
1.928571,0.928571,3,150,50,rosenbrock,3,0.000000,0.000001,0.000001,0.000057,10.293570
1.928571,1.000000,3,150,50,rosenbrock,3,0.000005,0.023656,0.017343,0.095168,10.631530
2.071429,0.000000,3,150,50,rosenbrock,3,0.000000,0.000000,0.000000,0.117904,8.668640
2.071429,0.071429,3,150,50,rosenbrock,3,0.000000,0.000000,0.000000,0.039016,8.810570
2.071429,0.142857,3,150,50,rosenbrock,3,0.000000,0.000000,0.000000,0.000055,8.966160
2.071429,0.214286,3,150,50,rosenbrock,3,0.000000,0.000000,0.000000,0.000001,8.920570
2.071429,0.285714,3,150,50,rosenbrock,3,0.000000,0.000000,0.000000,0.000000,9.062440
2.071429,0.357143,3,150,50,rosenbrock,3,0.000000,0.000000,0.000000,0.000000,9.178680
2.071429,0.428571,3,150,50,rosenbrock,3,0.000000,0.000000,0.000000,0.000000,9.318640
2.071429,0.500000,3,150,50,rosenbrock,3,0.000000,0.000000,0.000000,0.000000,9.444400
2.071429,0.571429,3,150,50,rosenbrock,3,0.000000,0.000000,0.000000,0.000000,9.688610
2.071429,0.642857,3,150,50,rosenbrock,3,0.000000,0.000000,0.000000,0.000005,9.922340
2.071429,0.714286,3,150,50,rosenbrock,3,0.000000,0.000000,0.000000,0.000005,10.095490
2.071429,0.785714,3,150,50,rosenbrock,3,0.000000,0.000000,0.000000,0.000011,10.152470
2.071429,0.857143,3,150,50,rosenbrock,3,0.000000,0.000000,0.000000,0.000001,10.265290
2.071429,0.928571,3,150,50,rosenbrock,3,0.000000,0.000001,0.000001,0.000320,10.360120
2.071429,1.000000,3,150,50,rosenbrock,3,0.000001,0.018657,0.013738,0.100602,10.140350
2.214286,0.000000,3,150,50,rosenbrock,3,0.000000,0.000000,0.000000,0.094554,8.491800
2.214286,0.071429,3,150,50,rosenbrock,3,0.000000,0.000000,0.000000,0.000000,8.659930
2.214286,0.142857,3,150,50,rosenbrock,3,0.000000,0.000000,0.000000,0.002447,8.838820
2.214286,0.214286,3,150,50,rosenbrock,3,0.000000,0.000000,0.000000,0.000000,8.940920
2.214286,0.285714,3,150,50,rosenbrock,3,0.000000,0.000000,0.000000,0.000000,9.563270
2.214286,0.357143,3,150,50,rosenbrock,3,0.000000,0.000000,0.000000,0.000000,9.374530
2.214286,0.428571,3,150,50,rosenbrock,3,0.000000,0.000000,0.000000,0.000000,9.490750
2.214286,0.500000,3,150,50,rosenbrock,3,0.000000,0.000000,0.000000,0.000000,9.632030
2.214286,0.571429,3,150,50,rosenbrock,3,0.000000,0.000000,0.000000,0.002408,9.782840
2.214286,0.642857,3,150,50,rosenbrock,3,0.000000,0.000000,0.000000,0.000000,9.785660
2.214286,0.714286,3,150,50,rosenbrock,3,0.000000,0.000000,0.000000,0.000000,9.855830
2.214286,0.785714,3,150,50,rosenbrock,3,0.000000,0.000000,0.000000,0.000000,9.953870
2.214286,0.857143,3,150,50,rosenbrock,3,0.000000,0.000000,0.000000,0.000002,10.070980
2.214286,0.928571,3,150,50,rosenbrock,3,0.000000,0.000002,0.000001,0.000366,10.141340
2.214286,1.000000,3,150,50,rosenbrock,3,0.000004,0.020885,0.016597,0.170551,10.178130
2.357143,0.000000,3,150,50,rosenbrock,3,0.000000,0.000000,0.000000,0.075500,8.688300
2.357143,0.071429,3,150,50,rosenbrock,3,0.000000,0.000000,0.000000,0.000000,8.845180
2.357143,0.142857,3,150,50,rosenbrock,3,0.000000,0.000000,0.000000,0.000000,8.971520
2.357143,0.214286,3,150,50,rosenbrock,3,0.000000,0.000000,0.000000,0.000000,9.083750
2.357143,0.285714,3,150,50,rosenbrock,3,0.000000,0.000000,0.000000,0.000000,9.286500
2.357143,0.357143,3,150,50,rosenbrock,3,0.000000,0.000000,0.000000,0.000000,9.325290
2.357143,0.428571,3,150,50,rosenbrock,3,0.000000,0.000000,0.000000,0.000000,9.339440
2.357143,0.500000,3,150,50,rosenbrock,3,0.000000,0.000000,0.000000,0.000000,9.495220
2.357143,0.571429,3,150,50,rosenbrock,3,0.000000,0.000000,0.000000,0.000000,9.741190
2.357143,0.642857,3,150,50,rosenbrock,3,0.000000,0.000000,0.000000,0.000000,9.807400
2.357143,0.714286,3,150,50,rosenbrock,3,0.000000,0.000000,0.000000,0.000591,9.908210
2.357143,0.785714,3,150,50,rosenbrock,3,0.000000,0.000000,0.000000,0.000001,10.033220
2.357143,0.857143,3,150,50,rosenbrock,3,0.000000,0.000000,0.000000,0.000000,10.220090
2.357143,0.928571,3,150,50,rosenbrock,3,0.000000,0.000001,0.000001,0.002837,10.371360
2.357143,1.000000,3,150,50,rosenbrock,3,0.000000,0.016949,0.013734,0.067022,10.278430
2.500000,0.000000,3,150,50,rosenbrock,3,0.000000,0.000000,0.000000,0.006392,8.923990
2.500000,0.071429,3,150,50,rosenbrock,3,0.000000,0.000000,0.000000,0.000000,8.836340
2.500000,0.142857,3,150,50,rosenbrock,3,0.000000,0.000000,0.000000,0.000000,8.793990
2.500000,0.214286,3,150,50,rosenbrock,3,0.000000,0.000000,0.000000,0.000000,8.924640
2.500000,0.285714,3,150,50,rosenbrock,3,0.000000,0.000000,0.000000,0.000000,9.079280
2.500000,0.357143,3,150,50,rosenbrock,3,0.000000,0.000000,0.000000,0.000000,10.255470
2.500000,0.428571,3,150,50,rosenbrock,3,0.000000,0.000000,0.000000,0.000000,9.732390
2.500000,0.500000,3,150,50,rosenbrock,3,0.000000,0.000000,0.000000,0.000000,9.779410
2.500000,0.571429,3,150,50,rosenbrock,3,0.000000,0.000000,0.000000,0.000001,9.697770
2.500000,0.642857,3,150,50,rosenbrock,3,0.000000,0.000000,0.000000,0.000000,9.891640
2.500000,0.714286,3,150,50,rosenbrock,3,0.000000,0.000000,0.000000,0.000000,10.028760
2.500000,0.785714,3,150,50,rosenbrock,3,0.000000,0.000000,0.000000,0.000111,10.600460
2.500000,0.857143,3,150,50,rosenbrock,3,0.000000,0.000000,0.000000,0.000021,10.164580
2.500000,0.928571,3,150,50,rosenbrock,3,0.000000,0.000003,0.000002,0.008254,10.238240
2.500000,1.000000,3,150,50,rosenbrock,3,0.000004,0.021500,0.022901,0.074942,10.112820
0.500000,0.000000,3,450,150,rosenbrock,6,0.000000,1.468193,1.631320,2.882063,102.301850
0.500000,0.071429,3,450,150,rosenbrock,6,0.000000,0.293069,0.136421,1.582263,103.832380
0.500000,0.142857,3,450,150,rosenbrock,6,0.000000,0.240598,0.020520,1.659530,105.235380
0.500000,0.214286,3,450,150,rosenbrock,6,0.000000,0.213187,0.000000,1.686575,106.485350
0.500000,0.285714,3,450,150,rosenbrock,6,0.000000,0.000004,0.000000,1.351119,136.357310
0.500000,0.357143,3,450,150,rosenbrock,6,0.000000,0.049817,0.000000,1.618600,118.856560
0.500000,0.428571,3,450,150,rosenbrock,6,0.000000,0.000000,0.000000,1.558980,113.719110
0.500000,0.500000,3,450,150,rosenbrock,6,0.000000,0.248371,0.000000,1.720767,122.290190
0.500000,0.571429,3,450,150,rosenbrock,6,0.000000,0.099348,0.000000,1.646190,120.560840
0.500000,0.642857,3,450,150,rosenbrock,6,0.000000,0.198697,0.000000,1.697203,124.401590
0.500000,0.714286,3,450,150,rosenbrock,6,0.000000,0.049674,0.000000,1.618618,173.982080
0.500000,0.785714,3,450,150,rosenbrock,6,0.000000,0.000000,0.000000,1.456870,116.654590
0.500000,0.857143,3,450,150,rosenbrock,6,0.000000,0.000000,0.000000,1.526738,124.936290
0.500000,0.928571,3,450,150,rosenbrock,6,0.000000,0.000000,0.000000,1.492742,124.241900
0.500000,1.000000,3,450,150,rosenbrock,6,0.000000,0.123400,0.120311,0.761496,119.863730
0.642857,0.000000,3,450,150,rosenbrock,6,0.000000,1.363356,1.441998,8.611903,102.469040
0.642857,0.071429,3,450,150,rosenbrock,6,0.000000,0.598908,0.153290,1.969086,103.674770
0.642857,0.142857,3,450,150,rosenbrock,6,0.000000,0.549983,0.079643,3.960048,106.663770
0.642857,0.214286,3,450,150,rosenbrock,6,0.000000,0.133535,0.000003,1.676176,107.855990
0.642857,0.285714,3,450,150,rosenbrock,6,0.000000,0.171540,0.000000,1.676831,107.136970
0.642857,0.357143,3,450,150,rosenbrock,6,0.000000,0.198947,0.000000,1.697091,108.747250
0.642857,0.428571,3,450,150,rosenbrock,6,0.000000,0.198810,0.000000,1.697152,109.480150
0.642857,0.500000,3,450,150,rosenbrock,6,0.000000,0.049674,0.000000,1.618618,112.426400
0.642857,0.571429,3,450,150,rosenbrock,6,0.000000,0.099348,0.000000,1.646190,112.933280
0.642857,0.642857,3,450,150,rosenbrock,6,0.000000,0.198697,0.000000,1.697203,113.246030
0.642857,0.714286,3,450,150,rosenbrock,6,0.000000,0.149023,0.000000,1.672363,116.307190
0.642857,0.785714,3,450,150,rosenbrock,6,0.000000,0.347720,0.000000,1.764269,114.937920
0.642857,0.857143,3,450,150,rosenbrock,6,0.000000,0.347720,0.000000,1.764269,117.449930
0.642857,0.928571,3,450,150,rosenbrock,6,0.000000,0.198697,0.000000,1.697203,117.828710
0.642857,1.000000,3,450,150,rosenbrock,6,0.000000,0.150392,0.138646,0.868284,118.251590
0.785714,0.000000,3,450,150,rosenbrock,6,0.000000,1.546620,1.806546,12.249293,101.897780
0.785714,0.071429,3,450,150,rosenbrock,6,0.000000,1.000391,0.350915,2.027780,104.043080
0.785714,0.142857,3,450,150,rosenbrock,6,0.000000,0.598657,0.018946,10.669594,105.952340
0.785714,0.214286,3,450,150,rosenbrock,6,0.000000,0.081873,0.000000,1.535168,107.850070
0.785714,0.285714,3,450,150,rosenbrock,6,0.000000,0.603734,0.000000,1.850901,116.548170
0.785714,0.357143,3,450,150,rosenbrock,6,0.000000,0.198698,0.000000,1.697202,104.929330
0.785714,0.428571,3,450,150,rosenbrock,6,0.000000,0.099349,0.000000,1.646190,103.489960
0.785714,0.500000,3,450,150,rosenbrock,6,0.000000,0.000000,0.000000,1.558980,105.408320
0.785714,0.571429,3,450,150,rosenbrock,6,0.000000,0.000000,0.000000,1.558980,107.824950
0.785714,0.642857,3,450,150,rosenbrock,6,0.000000,0.248371,0.000000,1.720767,109.096560
0.785714,0.714286,3,450,150,rosenbrock,6,0.000000,0.000000,0.000000,1.378906,108.433800
0.785714,0.785714,3,450,150,rosenbrock,6,0.000000,0.000000,0.000000,1.456870,109.835400
0.785714,0.857143,3,450,150,rosenbrock,6,0.000000,0.049674,0.000000,1.618618,110.489120
0.785714,0.928571,3,450,150,rosenbrock,6,0.000000,0.053656,0.000000,1.617286,111.804760
0.785714,1.000000,3,450,150,rosenbrock,6,0.000000,0.052448,0.016462,1.361826,112.584900
0.928571,0.000000,3,450,150,rosenbrock,6,0.000000,1.500630,1.372894,13.594212,97.143830
0.928571,0.071429,3,450,150,rosenbrock,6,0.000000,0.856852,0.329246,2.380261,97.536090
0.928571,0.142857,3,450,150,rosenbrock,6,0.000000,0.298153,0.043762,1.664830,98.776920
0.928571,0.214286,3,450,150,rosenbrock,6,0.000000,0.222978,0.000000,1.725971,99.733720
0.928571,0.285714,3,450,150,rosenbrock,6,0.000000,0.208088,0.000000,1.698557,100.781610
0.928571,0.357143,3,450,150,rosenbrock,6,0.000000,0.260502,0.000000,1.717807,102.510200
0.928571,0.428571,3,450,150,rosenbrock,6,0.000000,0.089601,0.000000,1.633284,104.131170
0.928571,0.500000,3,450,150,rosenbrock,6,0.000000,0.149023,0.000000,1.672363,105.080240
0.928571,0.571429,3,450,150,rosenbrock,6,0.000000,0.447068,0.000000,1.803223,106.753640
0.928571,0.642857,3,450,150,rosenbrock,6,0.000000,0.049674,0.000000,1.618618,106.846770
0.928571,0.714286,3,450,150,rosenbrock,6,0.000000,0.248371,0.000000,1.720767,108.427210
0.928571,0.785714,3,450,150,rosenbrock,6,0.000000,0.248371,0.000000,1.720767,109.865680
0.928571,0.857143,3,450,150,rosenbrock,6,0.000000,0.149023,0.000000,1.672363,110.536690
0.928571,0.928571,3,450,150,rosenbrock,6,0.000000,0.049674,0.000000,1.618618,111.852420
0.928571,1.000000,3,450,150,rosenbrock,6,0.000000,0.392997,0.013063,1.829107,112.018030
1.071429,0.000000,3,450,150,rosenbrock,6,0.000000,1.332203,1.385373,12.279748,96.697800
1.071429,0.071429,3,450,150,rosenbrock,6,0.000000,1.289005,0.852950,3.611493,98.185040
1.071429,0.142857,3,450,150,rosenbrock,6,0.000000,0.311757,0.000359,1.657642,99.461070
1.071429,0.214286,3,450,150,rosenbrock,6,0.000000,0.122956,0.000000,1.927184,100.524160
1.071429,0.285714,3,450,150,rosenbrock,6,0.000000,0.631253,0.000000,1.860510,101.807480
1.071429,0.357143,3,450,150,rosenbrock,6,0.000000,0.000000,0.000000,1.491183,103.425620
1.071429,0.428571,3,450,150,rosenbrock,6,0.000000,0.000000,0.000000,1.558981,103.805690
1.071429,0.500000,3,450,150,rosenbrock,6,0.000000,0.149023,0.000000,1.672363,104.995690
1.071429,0.571429,3,450,150,rosenbrock,6,0.000000,0.298045,0.000000,1.743106,106.500690
1.071429,0.642857,3,450,150,rosenbrock,6,0.000000,0.000000,0.000000,1.492742,107.737080
1.071429,0.714286,3,450,150,rosenbrock,6,0.000000,0.000000,0.000000,1.558981,108.343330
1.071429,0.785714,3,450,150,rosenbrock,6,0.000000,0.000000,0.000000,1.526738,109.324270
1.071429,0.857143,3,450,150,rosenbrock,6,0.000000,0.000000,0.000000,1.558981,110.630910
1.071429,0.928571,3,450,150,rosenbrock,6,0.000000,0.000000,0.000000,1.378906,112.597660
1.071429,1.000000,3,450,150,rosenbrock,6,0.000000,0.868451,0.804507,1.470376,111.721430
1.214286,0.000000,3,450,150,rosenbrock,6,0.000000,1.415779,1.296401,5.962313,96.435770
1.214286,0.071429,3,450,150,rosenbrock,6,0.000000,0.837693,0.620605,3.093617,98.327350
1.214286,0.142857,3,450,150,rosenbrock,6,0.000000,0.491713,0.120402,1.640701,99.388270
1.214286,0.214286,3,450,150,rosenbrock,6,0.000000,0.039828,0.001007,1.491783,101.085000
1.214286,0.285714,3,450,150,rosenbrock,6,0.000000,0.000820,0.000000,1.489178,101.858640
1.214286,0.357143,3,450,150,rosenbrock,6,0.000000,0.000000,0.000000,1.290115,102.646860
1.214286,0.428571,3,450,150,rosenbrock,6,0.000000,0.000000,0.000000,1.526738,103.465480
1.214286,0.500000,3,450,150,rosenbrock,6,0.000000,0.000000,0.000000,1.558981,104.428860
1.214286,0.571429,3,450,150,rosenbrock,6,0.000000,0.000000,0.000000,1.456870,106.507940
1.214286,0.642857,3,450,150,rosenbrock,6,0.000000,0.000000,0.000000,1.192182,107.296670
1.214286,0.714286,3,450,150,rosenbrock,6,0.000000,0.000000,0.000000,1.336450,107.564880
1.214286,0.785714,3,450,150,rosenbrock,6,0.000000,0.000000,0.000000,1.243405,108.876480
1.214286,0.857143,3,450,150,rosenbrock,6,0.000000,0.000000,0.000000,0.866100,110.206530
1.214286,0.928571,3,450,150,rosenbrock,6,0.000000,0.000000,0.000000,0.866100,111.427390
1.214286,1.000000,3,450,150,rosenbrock,6,0.000023,0.703931,0.770416,1.131523,111.075800
1.357143,0.000000,3,450,150,rosenbrock,6,0.000000,1.480686,1.700359,10.614716,95.929330
1.357143,0.071429,3,450,150,rosenbrock,6,0.000000,0.887986,0.908911,3.400914,97.658220
1.357143,0.142857,3,450,150,rosenbrock,6,0.000000,0.476385,0.116161,1.644933,99.130560
1.357143,0.214286,3,450,150,rosenbrock,6,0.000000,0.027004,0.003452,1.408033,100.299440
1.357143,0.285714,3,450,150,rosenbrock,6,0.000000,0.000000,0.000000,1.334426,102.130330
1.357143,0.357143,3,450,150,rosenbrock,6,0.000000,0.000097,0.000000,1.492064,101.748800
1.357143,0.428571,3,450,150,rosenbrock,6,0.000000,0.000000,0.000000,0.866100,103.471770
1.357143,0.500000,3,450,150,rosenbrock,6,0.000000,0.000000,0.000000,1.418980,103.924310
1.357143,0.571429,3,450,150,rosenbrock,6,0.000000,0.000000,0.000000,1.291378,105.054340
1.357143,0.642857,3,450,150,rosenbrock,6,0.000000,0.000000,0.000000,1.078103,106.258180
1.357143,0.714286,3,450,150,rosenbrock,6,0.000000,0.000000,0.000000,1.013939,107.968920
1.357143,0.785714,3,450,150,rosenbrock,6,0.000000,0.000000,0.000000,0.943758,108.583850
1.357143,0.857143,3,450,150,rosenbrock,6,0.000000,0.000000,0.000000,1.013939,109.975050
1.357143,0.928571,3,450,150,rosenbrock,6,0.000000,0.000000,0.000000,0.677903,111.193390
1.357143,1.000000,3,450,150,rosenbrock,6,0.004076,0.657839,0.783810,0.900538,111.527100
1.500000,0.000000,3,450,150,rosenbrock,6,0.000000,1.300367,1.255827,1.869543,96.251810
1.500000,0.071429,3,450,150,rosenbrock,6,0.000000,1.245570,1.346304,1.817086,98.663250
1.500000,0.142857,3,450,150,rosenbrock,6,0.000000,0.684302,0.370746,1.754995,99.334660
1.500000,0.214286,3,450,150,rosenbrock,6,0.000000,0.413503,0.003474,1.686901,100.466040
1.500000,0.285714,3,450,150,rosenbrock,6,0.000000,0.010216,0.000000,1.570649,101.544850
1.500000,0.357143,3,450,150,rosenbrock,6,0.000000,0.000000,0.000000,1.298588,102.385510
1.500000,0.428571,3,450,150,rosenbrock,6,0.000000,0.000000,0.000000,1.378886,103.467410
1.500000,0.500000,3,450,150,rosenbrock,6,0.000000,0.000000,0.000000,1.243405,104.702960
1.500000,0.571429,3,450,150,rosenbrock,6,0.000000,0.000000,0.000000,1.192182,106.089430
1.500000,0.642857,3,450,150,rosenbrock,6,0.000000,0.000000,0.000000,1.013939,107.578640
1.500000,0.714286,3,450,150,rosenbrock,6,0.000000,0.000000,0.000000,0.866100,108.108350
1.500000,0.785714,3,450,150,rosenbrock,6,0.000000,0.000000,0.000000,0.866100,109.298680
1.500000,0.857143,3,450,150,rosenbrock,6,0.000000,0.000000,0.000000,0.943758,110.245140
1.500000,0.928571,3,450,150,rosenbrock,6,0.000000,0.000000,0.000000,1.243405,112.556400
1.500000,1.000000,3,450,150,rosenbrock,6,0.000587,0.795057,0.916047,0.815325,113.229120
1.642857,0.000000,3,450,150,rosenbrock,6,0.000000,1.378103,1.100580,7.089551,96.679330
1.642857,0.071429,3,450,150,rosenbrock,6,0.000000,1.156156,1.061267,1.844788,97.672350
1.642857,0.142857,3,450,150,rosenbrock,6,0.000000,0.486013,0.280437,1.671554,98.989600
1.642857,0.214286,3,450,150,rosenbrock,6,0.000000,0.159145,0.008291,1.509292,100.286380
1.642857,0.285714,3,450,150,rosenbrock,6,0.000000,0.014490,0.000000,1.515429,101.598360
1.642857,0.357143,3,450,150,rosenbrock,6,0.000000,0.000000,0.000000,1.369313,101.846570
1.642857,0.428571,3,450,150,rosenbrock,6,0.000000,0.000000,0.000000,1.418981,102.841650
1.642857,0.500000,3,450,150,rosenbrock,6,0.000000,0.000000,0.000000,1.243405,103.892980
1.642857,0.571429,3,450,150,rosenbrock,6,0.000000,0.000000,0.000000,1.013939,105.075240
1.642857,0.642857,3,450,150,rosenbrock,6,0.000000,0.000000,0.000000,0.778730,106.943310
1.642857,0.714286,3,450,150,rosenbrock,6,0.000000,0.000000,0.000000,1.137269,107.538300
1.642857,0.785714,3,450,150,rosenbrock,6,0.000000,0.000000,0.000000,1.078103,108.714100
1.642857,0.857143,3,450,150,rosenbrock,6,0.000000,0.000000,0.000000,1.192182,109.912860
1.642857,0.928571,3,450,150,rosenbrock,6,0.000000,0.000000,0.000000,0.556352,112.517880
1.642857,1.000000,3,450,150,rosenbrock,6,0.032178,0.831771,0.988242,0.923932,110.560450
1.785714,0.000000,3,450,150,rosenbrock,6,0.000000,1.430746,1.349255,19.193827,96.675440
1.785714,0.071429,3,450,150,rosenbrock,6,0.000000,0.945164,1.143537,1.645292,97.248270
1.785714,0.142857,3,450,150,rosenbrock,6,0.000000,0.348173,0.292898,1.441852,98.615020
1.785714,0.214286,3,450,150,rosenbrock,6,0.000000,0.125225,0.043099,1.371820,99.944980
1.785714,0.285714,3,450,150,rosenbrock,6,0.000000,0.015095,0.000000,1.515981,100.736890
1.785714,0.357143,3,450,150,rosenbrock,6,0.000000,0.000000,0.000000,0.865686,102.574360
1.785714,0.428571,3,450,150,rosenbrock,6,0.000000,0.000000,0.000000,1.291378,103.099970
1.785714,0.500000,3,450,150,rosenbrock,6,0.000000,0.000000,0.000000,1.192103,104.041870
1.785714,0.571429,3,450,150,rosenbrock,6,0.000000,0.000000,0.000000,0.943758,105.074610
1.785714,0.642857,3,450,150,rosenbrock,6,0.000000,0.000000,0.000000,0.778730,106.293760
1.785714,0.714286,3,450,150,rosenbrock,6,0.000000,0.000000,0.000000,0.866100,108.419220
1.785714,0.785714,3,450,150,rosenbrock,6,0.000000,0.000000,0.000000,0.866100,108.983310
1.785714,0.857143,3,450,150,rosenbrock,6,0.000000,0.000000,0.000000,0.677903,110.748120
1.785714,0.928571,3,450,150,rosenbrock,6,0.000000,0.000000,0.000000,0.000000,111.656170
1.785714,1.000000,3,450,150,rosenbrock,6,0.004248,0.771602,0.913552,0.801836,110.648980
1.928571,0.000000,3,450,150,rosenbrock,6,0.000000,1.195472,1.306112,2.088983,95.698390
1.928571,0.071429,3,450,150,rosenbrock,6,0.000000,1.190718,1.031470,1.807811,97.089530
1.928571,0.142857,3,450,150,rosenbrock,6,0.000000,0.463170,0.216641,1.632968,99.338400
1.928571,0.214286,3,450,150,rosenbrock,6,0.000000,0.371342,0.098147,1.624580,100.290260
1.928571,0.285714,3,450,150,rosenbrock,6,0.000000,0.005521,0.000000,1.353294,101.021320
1.928571,0.357143,3,450,150,rosenbrock,6,0.000000,0.000061,0.000000,1.375967,103.581150
1.928571,0.428571,3,450,150,rosenbrock,6,0.000000,0.000000,0.000000,1.013920,103.218180
1.928571,0.500000,3,450,150,rosenbrock,6,0.000000,0.000000,0.000000,1.136751,105.941230
1.928571,0.571429,3,450,150,rosenbrock,6,0.000000,0.000000,0.000000,1.192182,105.701470
1.928571,0.642857,3,450,150,rosenbrock,6,0.000000,0.000000,0.000000,0.943758,107.031620
1.928571,0.714286,3,450,150,rosenbrock,6,0.000000,0.000000,0.000000,1.078103,107.596980
1.928571,0.785714,3,450,150,rosenbrock,6,0.000000,0.000000,0.000000,1.137269,149.971560
1.928571,0.857143,3,450,150,rosenbrock,6,0.000000,0.000000,0.000000,0.778730,130.902140
1.928571,0.928571,3,450,150,rosenbrock,6,0.000000,0.000000,0.000000,0.778730,111.976960
1.928571,1.000000,3,450,150,rosenbrock,6,0.001741,0.548185,0.641452,0.804636,111.196910
2.071429,0.000000,3,450,150,rosenbrock,6,0.000000,1.875119,2.681336,2.068763,95.474440
2.071429,0.071429,3,450,150,rosenbrock,6,0.000000,0.960591,0.867045,1.804337,97.057820
2.071429,0.142857,3,450,150,rosenbrock,6,0.000000,0.459253,0.332544,1.529306,98.458400
2.071429,0.214286,3,450,150,rosenbrock,6,0.000000,0.107276,0.013979,1.360442,99.653940
2.071429,0.285714,3,450,150,rosenbrock,6,0.000000,0.004336,0.000000,1.443539,100.941720
2.071429,0.357143,3,450,150,rosenbrock,6,0.000000,0.000000,0.000000,1.377732,101.824580
2.071429,0.428571,3,450,150,rosenbrock,6,0.000000,0.000000,0.000000,1.013598,103.937180
2.071429,0.500000,3,450,150,rosenbrock,6,0.000000,0.000000,0.000000,1.137269,103.969790
2.071429,0.571429,3,450,150,rosenbrock,6,0.000000,0.000000,0.000000,0.677903,104.905700
2.071429,0.642857,3,450,150,rosenbrock,6,0.000000,0.000000,0.000000,1.013939,106.075560
2.071429,0.714286,3,450,150,rosenbrock,6,0.000000,0.000000,0.000000,0.943758,107.495410
2.071429,0.785714,3,450,150,rosenbrock,6,0.000000,0.000000,0.000000,0.778730,108.449620
2.071429,0.857143,3,450,150,rosenbrock,6,0.000000,0.000000,0.000000,0.556352,109.616440
2.071429,0.928571,3,450,150,rosenbrock,6,0.000000,0.000000,0.000000,0.866100,110.946820
2.071429,1.000000,3,450,150,rosenbrock,6,0.002647,0.663444,0.750778,0.756542,110.334410
2.214286,0.000000,3,450,150,rosenbrock,6,0.000000,1.585113,1.896233,13.421358,98.454480
2.214286,0.071429,3,450,150,rosenbrock,6,0.000000,1.347949,1.341514,1.743131,104.481320
2.214286,0.142857,3,450,150,rosenbrock,6,0.000000,0.590889,0.277108,1.700085,105.224660
2.214286,0.214286,3,450,150,rosenbrock,6,0.000000,0.050404,0.001396,1.427330,115.838930
2.214286,0.285714,3,450,150,rosenbrock,6,0.000000,0.000384,0.000000,1.083191,107.629920
2.214286,0.357143,3,450,150,rosenbrock,6,0.000000,0.000000,0.000000,1.242728,109.142770
2.214286,0.428571,3,450,150,rosenbrock,6,0.000000,0.000000,0.000000,1.192182,110.965880
2.214286,0.500000,3,450,150,rosenbrock,6,0.000000,0.000000,0.000000,0.872765,105.982200
2.214286,0.571429,3,450,150,rosenbrock,6,0.000000,0.000000,0.000000,1.013939,119.034120
2.214286,0.642857,3,450,150,rosenbrock,6,0.000000,0.000000,0.000000,0.778730,110.758470
2.214286,0.714286,3,450,150,rosenbrock,6,0.000000,0.000000,0.000000,0.677903,114.511270
2.214286,0.785714,3,450,150,rosenbrock,6,0.000000,0.000000,0.000000,0.943758,117.456560
2.214286,0.857143,3,450,150,rosenbrock,6,0.000000,0.000000,0.000000,0.778730,115.944660
2.214286,0.928571,3,450,150,rosenbrock,6,0.000000,0.000000,0.000000,0.778730,116.998470
2.214286,1.000000,3,450,150,rosenbrock,6,0.013212,0.587188,0.651721,0.805900,120.255520
2.357143,0.000000,3,450,150,rosenbrock,6,0.000000,1.247996,1.479047,11.322898,104.174470
2.357143,0.071429,3,450,150,rosenbrock,6,0.000000,0.753922,0.552141,1.677534,106.604620
2.357143,0.142857,3,450,150,rosenbrock,6,0.000000,0.557867,0.160358,1.689833,118.063710
2.357143,0.214286,3,450,150,rosenbrock,6,0.000000,0.105337,0.013341,1.341226,123.291220
2.357143,0.285714,3,450,150,rosenbrock,6,0.000000,0.123375,0.000012,1.610978,128.089830
2.357143,0.357143,3,450,150,rosenbrock,6,0.000000,0.000000,0.000000,1.456131,122.585140
2.357143,0.428571,3,450,150,rosenbrock,6,0.000000,0.000000,0.000000,1.078098,111.189010
2.357143,0.500000,3,450,150,rosenbrock,6,0.000000,0.000000,0.000000,0.943758,104.575510
2.357143,0.571429,3,450,150,rosenbrock,6,0.000000,0.000000,0.000000,1.137269,105.944030
2.357143,0.642857,3,450,150,rosenbrock,6,0.000000,0.000000,0.000000,1.078103,106.237260
2.357143,0.714286,3,450,150,rosenbrock,6,0.000000,0.000000,0.000000,1.013939,107.275040
2.357143,0.785714,3,450,150,rosenbrock,6,0.000000,0.000000,0.000000,0.677903,108.357330
2.357143,0.857143,3,450,150,rosenbrock,6,0.000000,0.000000,0.000000,0.395402,110.987490
2.357143,0.928571,3,450,150,rosenbrock,6,0.000000,0.000000,0.000000,0.413631,115.395610
2.357143,1.000000,3,450,150,rosenbrock,6,0.008492,0.633915,0.749155,0.704127,111.320080
2.500000,0.000000,3,450,150,rosenbrock,6,0.000000,1.476877,1.637994,9.334723,95.287470
2.500000,0.071429,3,450,150,rosenbrock,6,0.000000,0.656724,0.580056,1.571440,97.009880
2.500000,0.142857,3,450,150,rosenbrock,6,0.000000,0.581738,0.289437,1.677503,99.020920
2.500000,0.214286,3,450,150,rosenbrock,6,0.000000,0.422197,0.085546,1.809168,99.431300
2.500000,0.285714,3,450,150,rosenbrock,6,0.000000,0.027623,0.000000,1.489660,100.708300
2.500000,0.357143,3,450,150,rosenbrock,6,0.000000,0.000000,0.000000,1.303861,101.668860
2.500000,0.428571,3,450,150,rosenbrock,6,0.000000,0.000000,0.000000,1.013920,103.855300
2.500000,0.500000,3,450,150,rosenbrock,6,0.000000,0.000000,0.000000,1.192182,103.914800
2.500000,0.571429,3,450,150,rosenbrock,6,0.000000,0.000000,0.000000,1.078103,104.578450
2.500000,0.642857,3,450,150,rosenbrock,6,0.000000,0.000000,0.000000,1.013939,106.003730
2.500000,0.714286,3,450,150,rosenbrock,6,0.000000,0.000000,0.000000,1.078103,107.271110
2.500000,0.785714,3,450,150,rosenbrock,6,0.000000,0.000000,0.000000,1.013939,109.125780
2.500000,0.857143,3,450,150,rosenbrock,6,0.000000,0.000000,0.000000,0.677903,109.462810
2.500000,0.928571,3,450,150,rosenbrock,6,0.000000,0.000000,0.000000,0.778730,110.776500
2.500000,1.000000,3,450,150,rosenbrock,6,0.002139,0.550929,0.631370,0.743884,110.176340
0.500000,0.000000,3,900,300,rosenbrock,9,0.054701,4.634489,5.940170,20.319853,478.569550
0.500000,0.071429,3,900,300,rosenbrock,9,0.001318,3.994397,5.497752,20.389069,488.100870
0.500000,0.142857,3,900,300,rosenbrock,9,0.000002,4.066494,5.242902,14.969281,496.055180
0.500000,0.214286,3,900,300,rosenbrock,9,0.000000,3.356288,4.466136,10.806697,499.236730
0.500000,0.285714,3,900,300,rosenbrock,9,0.000000,3.409066,4.540555,5.896545,515.126630
0.500000,0.357143,3,900,300,rosenbrock,9,0.000000,3.665072,4.955903,4.286228,513.652510
0.500000,0.428571,3,900,300,rosenbrock,9,0.000000,2.549784,3.269104,2.931378,520.274760
0.500000,0.500000,3,900,300,rosenbrock,9,0.000000,2.842087,4.029157,3.002856,525.180190
0.500000,0.571429,3,900,300,rosenbrock,9,0.000000,2.733886,3.967104,2.750072,530.817970
0.500000,0.642857,3,900,300,rosenbrock,9,0.000000,2.216600,3.040356,7.493756,539.299700
0.500000,0.714286,3,900,300,rosenbrock,9,0.000000,1.631989,1.997086,2.335598,545.182730
0.500000,0.785714,3,900,300,rosenbrock,9,0.000000,0.403996,0.255681,1.522820,542.420980
0.500000,0.857143,3,900,300,rosenbrock,9,0.000000,0.000153,0.000000,1.460878,549.634150
0.500000,0.928571,3,900,300,rosenbrock,9,0.000000,0.000000,0.000000,1.295440,559.102220
0.500000,1.000000,3,900,300,rosenbrock,9,0.000000,0.254821,0.229262,1.502377,550.992630
0.642857,0.000000,3,900,300,rosenbrock,9,0.000002,5.193336,6.865862,20.013350,479.945390
0.642857,0.071429,3,900,300,rosenbrock,9,0.001620,3.175300,4.346411,15.575399,485.765830
0.642857,0.142857,3,900,300,rosenbrock,9,0.000070,3.937825,5.161070,12.909509,492.230070
0.642857,0.214286,3,900,300,rosenbrock,9,0.004658,4.616906,5.792251,14.140820,498.265100
0.642857,0.285714,3,900,300,rosenbrock,9,0.000069,3.626560,5.142367,7.551096,507.147670
0.642857,0.357143,3,900,300,rosenbrock,9,0.000000,3.123136,4.145130,2.879277,510.384120
0.642857,0.428571,3,900,300,rosenbrock,9,0.000012,3.198073,4.422867,3.063649,517.881810
0.642857,0.500000,3,900,300,rosenbrock,9,0.000000,3.026493,4.008745,2.482683,523.559770
0.642857,0.571429,3,900,300,rosenbrock,9,0.000000,2.785028,3.935740,2.752818,529.294930
0.642857,0.642857,3,900,300,rosenbrock,9,0.000000,2.183366,3.289348,2.834974,542.080200
0.642857,0.714286,3,900,300,rosenbrock,9,0.000000,1.297144,1.610612,2.538111,539.288550
0.642857,0.785714,3,900,300,rosenbrock,9,0.000000,0.297316,0.094368,1.545879,605.896310
0.642857,0.857143,3,900,300,rosenbrock,9,0.000000,0.006605,0.000000,1.592680,576.536700
0.642857,0.928571,3,900,300,rosenbrock,9,0.000000,0.000000,0.000000,1.461454,557.494820
0.642857,1.000000,3,900,300,rosenbrock,9,0.000000,0.432723,0.490788,1.520153,557.566100
0.785714,0.000000,3,900,300,rosenbrock,9,0.000071,5.182992,6.772049,26.643021,485.932860
0.785714,0.071429,3,900,300,rosenbrock,9,0.000000,4.101845,5.347072,20.555399,515.446380
0.785714,0.142857,3,900,300,rosenbrock,9,0.000005,3.729358,4.948099,12.957952,534.699260
0.785714,0.214286,3,900,300,rosenbrock,9,0.001622,4.066417,4.865907,14.583018,535.248430
0.785714,0.285714,3,900,300,rosenbrock,9,0.000000,3.557092,4.718998,11.115930,604.929670
0.785714,0.357143,3,900,300,rosenbrock,9,0.000000,3.621566,4.725740,3.031551,641.306260
0.785714,0.428571,3,900,300,rosenbrock,9,0.000077,3.842856,4.671648,7.407043,600.558970
0.785714,0.500000,3,900,300,rosenbrock,9,0.000000,3.207722,4.187267,2.597990,621.631170
0.785714,0.571429,3,900,300,rosenbrock,9,0.000000,2.463661,3.805357,3.516132,571.408450
0.785714,0.642857,3,900,300,rosenbrock,9,0.000000,1.894938,2.584540,2.344211,645.814920
0.785714,0.714286,3,900,300,rosenbrock,9,0.000000,1.657522,2.110337,2.684486,625.283640
0.785714,0.785714,3,900,300,rosenbrock,9,0.000000,0.234196,0.086779,1.867294,650.336730
0.785714,0.857143,3,900,300,rosenbrock,9,0.000000,0.000181,0.000000,1.422117,605.498380
0.785714,0.928571,3,900,300,rosenbrock,9,0.000000,0.000000,0.000000,1.423444,648.374840
0.785714,1.000000,3,900,300,rosenbrock,9,0.000000,0.213566,0.131839,1.348506,558.431320
0.928571,0.000000,3,900,300,rosenbrock,9,0.002790,4.623742,6.157193,27.031157,488.424850
0.928571,0.071429,3,900,300,rosenbrock,9,0.020876,4.673261,5.977777,19.653624,497.573670
0.928571,0.142857,3,900,300,rosenbrock,9,0.000005,4.033572,5.555030,15.522079,499.682810
0.928571,0.214286,3,900,300,rosenbrock,9,0.000000,3.583956,4.696958,14.361420,504.574020
0.928571,0.285714,3,900,300,rosenbrock,9,0.000000,3.250572,5.043116,11.009530,513.637360
0.928571,0.357143,3,900,300,rosenbrock,9,0.000093,3.431368,4.502326,8.712897,518.610180
0.928571,0.428571,3,900,300,rosenbrock,9,0.000000,2.697805,3.986451,3.202930,523.376550
0.928571,0.500000,3,900,300,rosenbrock,9,0.000000,3.117740,4.096265,3.321645,529.830670
0.928571,0.571429,3,900,300,rosenbrock,9,0.000000,2.564466,3.949048,2.606316,534.487710
0.928571,0.642857,3,900,300,rosenbrock,9,0.000000,1.346551,1.202720,2.704947,541.824070
0.928571,0.714286,3,900,300,rosenbrock,9,0.000000,2.037001,3.378248,2.986731,541.401250
0.928571,0.785714,3,900,300,rosenbrock,9,0.000000,0.429621,0.042577,1.968143,546.997630
0.928571,0.857143,3,900,300,rosenbrock,9,0.000000,0.182913,0.000000,1.777420,552.095740
0.928571,0.928571,3,900,300,rosenbrock,9,0.000000,0.099661,0.000000,1.651368,556.547570
0.928571,1.000000,3,900,300,rosenbrock,9,0.000000,0.521194,0.159237,1.911980,555.545240
1.071429,0.000000,3,900,300,rosenbrock,9,0.000005,4.898576,6.346263,18.529621,563.673640
1.071429,0.071429,3,900,300,rosenbrock,9,0.000072,4.089559,5.312298,15.621730,705.603850
1.071429,0.142857,3,900,300,rosenbrock,9,0.000204,4.181763,5.465014,9.120748,583.194970
1.071429,0.214286,3,900,300,rosenbrock,9,0.000000,4.599854,5.911440,15.104902,642.371840
1.071429,0.285714,3,900,300,rosenbrock,9,0.000312,4.230509,5.380137,7.634502,646.194110
1.071429,0.357143,3,900,300,rosenbrock,9,0.000002,4.019364,4.842442,7.346746,558.543130
1.071429,0.428571,3,900,300,rosenbrock,9,0.000000,4.157781,4.989725,2.556288,562.527150
1.071429,0.500000,3,900,300,rosenbrock,9,0.008970,3.703854,4.211552,2.418447,618.841790
1.071429,0.571429,3,900,300,rosenbrock,9,0.000700,3.239655,4.005201,2.548229,548.262700
1.071429,0.642857,3,900,300,rosenbrock,9,0.000000,2.684751,3.724680,2.358412,533.113860
1.071429,0.714286,3,900,300,rosenbrock,9,0.000000,2.249023,3.219232,2.191316,538.147440
1.071429,0.785714,3,900,300,rosenbrock,9,0.000000,0.549064,0.575263,1.626153,542.204750
1.071429,0.857143,3,900,300,rosenbrock,9,0.000000,0.000000,0.000000,1.016598,547.648360
1.071429,0.928571,3,900,300,rosenbrock,9,0.000000,0.000000,0.000000,0.946728,551.991480
1.071429,1.000000,3,900,300,rosenbrock,9,0.000088,3.076085,3.627131,1.524130,554.118440
1.214286,0.000000,3,900,300,rosenbrock,9,0.001818,4.440553,6.434914,26.938278,478.691300
1.214286,0.071429,3,900,300,rosenbrock,9,0.019085,5.596767,6.917369,10.507113,487.528790
1.214286,0.142857,3,900,300,rosenbrock,9,0.024615,5.460026,6.408557,11.070700,492.697650
1.214286,0.214286,3,900,300,rosenbrock,9,1.384372,5.345136,5.985295,2.459463,500.556120
1.214286,0.285714,3,900,300,rosenbrock,9,1.201901,4.950798,5.669092,1.904222,504.800260
1.214286,0.357143,3,900,300,rosenbrock,9,0.001139,4.838064,5.881635,1.961918,523.469680
1.214286,0.428571,3,900,300,rosenbrock,9,0.003741,4.242715,5.193964,2.039313,545.402240
1.214286,0.500000,3,900,300,rosenbrock,9,0.027220,3.587755,4.295204,1.976547,567.498280
1.214286,0.571429,3,900,300,rosenbrock,9,0.128838,3.270782,3.926589,1.754088,543.203250
1.214286,0.642857,3,900,300,rosenbrock,9,0.000000,3.123914,4.000277,2.075908,539.997940
1.214286,0.714286,3,900,300,rosenbrock,9,0.002064,1.810493,2.304545,1.782234,542.419510
1.214286,0.785714,3,900,300,rosenbrock,9,0.000000,0.309821,0.275435,1.403769,546.288810
1.214286,0.857143,3,900,300,rosenbrock,9,0.000000,0.000000,0.000000,0.868823,549.015800
1.214286,0.928571,3,900,300,rosenbrock,9,0.000000,0.000000,0.000000,0.946727,555.665110
1.214286,1.000000,3,900,300,rosenbrock,9,0.263184,3.709229,4.262134,1.332384,640.356020
1.357143,0.000000,3,900,300,rosenbrock,9,0.002855,5.189292,6.574261,33.029350,502.850430
1.357143,0.071429,3,900,300,rosenbrock,9,0.063549,5.471788,6.489910,15.766409,519.954860
1.357143,0.142857,3,900,300,rosenbrock,9,0.089191,5.754600,6.266761,6.699296,584.873360
1.357143,0.214286,3,900,300,rosenbrock,9,0.287309,5.278417,6.002612,9.912083,588.191900
1.357143,0.285714,3,900,300,rosenbrock,9,0.107671,4.740639,5.530846,1.993091,570.972880
1.357143,0.357143,3,900,300,rosenbrock,9,0.955276,4.922936,5.427966,1.856494,543.676900
1.357143,0.428571,3,900,300,rosenbrock,9,0.714934,4.346688,5.103505,1.822714,540.929600
1.357143,0.500000,3,900,300,rosenbrock,9,0.029217,3.952040,4.823937,1.881573,558.751820
1.357143,0.571429,3,900,300,rosenbrock,9,0.087826,3.366560,3.942365,2.062097,541.840560
1.357143,0.642857,3,900,300,rosenbrock,9,0.211954,2.887724,3.412667,1.939259,536.547600
1.357143,0.714286,3,900,300,rosenbrock,9,0.000045,2.444830,3.190653,1.804840,598.057640
1.357143,0.785714,3,900,300,rosenbrock,9,0.000000,0.472963,0.321775,1.449925,593.090830
1.357143,0.857143,3,900,300,rosenbrock,9,0.000000,0.000000,0.000000,0.946642,624.577370
1.357143,0.928571,3,900,300,rosenbrock,9,0.000000,0.000000,0.000000,1.017129,621.373030
1.357143,1.000000,3,900,300,rosenbrock,9,0.585203,3.113853,3.508657,1.438212,602.818430
1.500000,0.000000,3,900,300,rosenbrock,9,0.099513,5.268960,6.359523,31.258999,519.817080
1.500000,0.071429,3,900,300,rosenbrock,9,0.063671,5.508925,6.438847,11.738535,562.691140
1.500000,0.142857,3,900,300,rosenbrock,9,0.419429,5.296074,5.938061,7.221272,526.643450
1.500000,0.214286,3,900,300,rosenbrock,9,1.078461,5.838728,6.446771,3.843468,550.173490
1.500000,0.285714,3,900,300,rosenbrock,9,0.501763,4.914893,5.609897,2.753295,519.457480
1.500000,0.357143,3,900,300,rosenbrock,9,0.288748,4.739971,5.363391,1.764292,524.192810
1.500000,0.428571,3,900,300,rosenbrock,9,0.224943,4.502297,5.150192,1.704990,526.306370
1.500000,0.500000,3,900,300,rosenbrock,9,0.587655,3.631107,4.280306,2.012440,536.441130
1.500000,0.571429,3,900,300,rosenbrock,9,0.913782,3.824743,4.681321,1.676569,539.456900
1.500000,0.642857,3,900,300,rosenbrock,9,0.100692,3.074003,3.448281,1.956299,541.923450
1.500000,0.714286,3,900,300,rosenbrock,9,0.000000,1.877112,2.326584,1.916217,548.870490
1.500000,0.785714,3,900,300,rosenbrock,9,0.000000,0.344922,0.341590,1.209153,552.665210
1.500000,0.857143,3,900,300,rosenbrock,9,0.000000,0.000000,0.000000,1.017008,556.281820
1.500000,0.928571,3,900,300,rosenbrock,9,0.000000,0.000000,0.000000,0.868825,562.169600
1.500000,1.000000,3,900,300,rosenbrock,9,0.839272,3.431622,4.017245,1.362432,560.787020
1.642857,0.000000,3,900,300,rosenbrock,9,0.075643,5.164411,6.154807,23.421577,488.227020
1.642857,0.071429,3,900,300,rosenbrock,9,0.075103,5.342355,6.436747,12.625630,494.420760
1.642857,0.142857,3,900,300,rosenbrock,9,0.432811,5.604287,6.401463,1.876403,500.530860
1.642857,0.214286,3,900,300,rosenbrock,9,0.109655,5.479270,6.290495,2.110692,509.365420
1.642857,0.285714,3,900,300,rosenbrock,9,0.440039,5.064772,5.501410,1.675776,513.116860
1.642857,0.357143,3,900,300,rosenbrock,9,0.649770,4.507722,5.160464,1.699599,518.711220
1.642857,0.428571,3,900,300,rosenbrock,9,0.150197,4.179897,4.890738,1.667476,524.302600
1.642857,0.500000,3,900,300,rosenbrock,9,0.000000,3.904176,4.567567,1.829402,530.091880
1.642857,0.571429,3,900,300,rosenbrock,9,0.208769,3.350391,3.954229,1.796581,534.540120
1.642857,0.642857,3,900,300,rosenbrock,9,0.000000,2.842861,3.326735,1.742078,541.135250
1.642857,0.714286,3,900,300,rosenbrock,9,0.000000,2.187637,2.793186,1.871173,545.371890
1.642857,0.785714,3,900,300,rosenbrock,9,0.000000,0.364129,0.331047,1.133100,549.840900
1.642857,0.857143,3,900,300,rosenbrock,9,0.000000,0.000000,0.000000,1.295605,555.613030
1.642857,0.928571,3,900,300,rosenbrock,9,0.000000,0.000000,0.000000,0.781180,560.275890
1.642857,1.000000,3,900,300,rosenbrock,9,1.202123,3.463908,4.036304,1.251453,594.098480
1.785714,0.000000,3,900,300,rosenbrock,9,0.000000,5.117718,5.599787,33.582996,486.492810
1.785714,0.071429,3,900,300,rosenbrock,9,0.255765,5.625895,6.333941,3.637749,495.056590
1.785714,0.142857,3,900,300,rosenbrock,9,0.444810,5.214309,6.083400,2.914181,501.673400
1.785714,0.214286,3,900,300,rosenbrock,9,0.004595,5.393303,6.085804,5.321124,506.741130
1.785714,0.285714,3,900,300,rosenbrock,9,0.155546,4.882658,5.743534,1.884626,509.590090
1.785714,0.357143,3,900,300,rosenbrock,9,0.242818,5.313704,5.857803,1.882313,513.838100
1.785714,0.428571,3,900,300,rosenbrock,9,0.017360,4.307654,4.854563,1.654934,524.595010
1.785714,0.500000,3,900,300,rosenbrock,9,0.461095,3.780893,4.356363,1.694340,527.348410
1.785714,0.571429,3,900,300,rosenbrock,9,0.083753,3.547181,4.100688,1.716355,535.703160
1.785714,0.642857,3,900,300,rosenbrock,9,0.000000,3.007769,3.499149,1.878102,539.112840
1.785714,0.714286,3,900,300,rosenbrock,9,0.000000,1.860715,2.259218,1.871621,544.763770
1.785714,0.785714,3,900,300,rosenbrock,9,0.000000,0.550194,0.469707,1.622355,549.507930
1.785714,0.857143,3,900,300,rosenbrock,9,0.000000,0.000000,0.000000,0.781030,620.463300
1.785714,0.928571,3,900,300,rosenbrock,9,0.000000,0.000000,0.000000,0.680036,633.143070
1.785714,1.000000,3,900,300,rosenbrock,9,0.481576,3.043429,3.427722,1.468507,614.080500
1.928571,0.000000,3,900,300,rosenbrock,9,0.001753,4.429395,5.222854,23.788164,551.920570
1.928571,0.071429,3,900,300,rosenbrock,9,0.762502,5.932673,6.688879,3.534005,561.573410
1.928571,0.142857,3,900,300,rosenbrock,9,0.238325,5.142444,5.688303,1.852950,554.752440
1.928571,0.214286,3,900,300,rosenbrock,9,0.144475,5.477280,6.300004,3.750754,556.181980
1.928571,0.285714,3,900,300,rosenbrock,9,0.019487,4.859664,5.671187,1.797682,576.709990
1.928571,0.357143,3,900,300,rosenbrock,9,1.233026,5.183604,5.737228,1.473640,565.579540
1.928571,0.428571,3,900,300,rosenbrock,9,0.466827,4.500063,5.068091,1.612760,565.984310
1.928571,0.500000,3,900,300,rosenbrock,9,0.134318,4.028153,4.482948,1.747521,576.190210
1.928571,0.571429,3,900,300,rosenbrock,9,0.012220,3.542623,4.433197,1.956946,603.264610
1.928571,0.642857,3,900,300,rosenbrock,9,0.469648,2.914699,3.662713,1.890724,573.001480
1.928571,0.714286,3,900,300,rosenbrock,9,0.002616,2.096985,2.797781,1.595585,588.576510
1.928571,0.785714,3,900,300,rosenbrock,9,0.000003,0.418889,0.389544,1.363833,608.226560
1.928571,0.857143,3,900,300,rosenbrock,9,0.000000,0.000000,0.000000,0.780999,634.133170
1.928571,0.928571,3,900,300,rosenbrock,9,0.000000,0.000000,0.000000,0.558102,587.473150
1.928571,1.000000,3,900,300,rosenbrock,9,0.651982,2.867311,3.094991,1.206606,596.249100
2.071429,0.000000,3,900,300,rosenbrock,9,0.000172,6.044732,6.747381,33.148502,548.915850
2.071429,0.071429,3,900,300,rosenbrock,9,0.015396,5.589551,6.575914,4.119346,564.814980
2.071429,0.142857,3,900,300,rosenbrock,9,0.004515,5.696547,6.466421,2.057563,529.013880
2.071429,0.214286,3,900,300,rosenbrock,9,0.064151,5.295695,5.909576,2.120411,602.870640
2.071429,0.285714,3,900,300,rosenbrock,9,0.584013,5.097695,5.681687,1.638860,553.692500
2.071429,0.357143,3,900,300,rosenbrock,9,0.000000,4.584562,5.278974,1.822738,583.302210
2.071429,0.428571,3,900,300,rosenbrock,9,0.061028,3.820045,4.626086,1.925058,551.577810
2.071429,0.500000,3,900,300,rosenbrock,9,0.542190,3.915503,4.313779,1.687025,521.354480
2.071429,0.571429,3,900,300,rosenbrock,9,0.338867,3.543444,4.175708,1.529085,548.134640
2.071429,0.642857,3,900,300,rosenbrock,9,0.072499,2.957844,3.602697,1.884800,562.737960
2.071429,0.714286,3,900,300,rosenbrock,9,0.014380,2.045817,2.673502,1.901974,578.397710
2.071429,0.785714,3,900,300,rosenbrock,9,0.000000,0.403649,0.330059,1.456131,588.248580
2.071429,0.857143,3,900,300,rosenbrock,9,0.000000,0.000000,0.000000,0.782993,670.944630
2.071429,0.928571,3,900,300,rosenbrock,9,0.000000,0.000000,0.000000,0.558102,631.119670
2.071429,1.000000,3,900,300,rosenbrock,9,0.557926,2.857539,3.252128,1.329369,609.474500
2.214286,0.000000,3,900,300,rosenbrock,9,0.060712,4.774032,6.170854,20.384647,489.547850
2.214286,0.071429,3,900,300,rosenbrock,9,0.259595,5.774374,6.715124,11.467526,513.517180
2.214286,0.142857,3,900,300,rosenbrock,9,0.192656,5.596078,6.668874,10.143371,496.945240
2.214286,0.214286,3,900,300,rosenbrock,9,0.177759,5.046899,5.802300,7.032774,506.403450
2.214286,0.285714,3,900,300,rosenbrock,9,0.003515,5.084742,5.819841,1.832531,509.647350
2.214286,0.357143,3,900,300,rosenbrock,9,0.259076,4.593429,4.996546,1.696553,516.158090
2.214286,0.428571,3,900,300,rosenbrock,9,0.187779,4.368259,5.053718,1.789435,524.413420
2.214286,0.500000,3,900,300,rosenbrock,9,0.100851,3.812412,4.614190,1.928429,529.226930
2.214286,0.571429,3,900,300,rosenbrock,9,0.141798,3.457085,4.039582,1.771397,532.534030
2.214286,0.642857,3,900,300,rosenbrock,9,0.320885,2.883701,3.475727,1.770622,539.701480
2.214286,0.714286,3,900,300,rosenbrock,9,0.000001,2.012544,2.723902,1.741609,542.128010
2.214286,0.785714,3,900,300,rosenbrock,9,0.000000,0.442683,0.451903,1.144297,549.420000
2.214286,0.857143,3,900,300,rosenbrock,9,0.000000,0.000000,0.000000,0.716603,552.597000
2.214286,0.928571,3,900,300,rosenbrock,9,0.000000,0.000000,0.000000,0.000000,560.996030
2.214286,1.000000,3,900,300,rosenbrock,9,0.471440,2.785119,3.333340,1.240526,559.075730
2.357143,0.000000,3,900,300,rosenbrock,9,0.000492,4.821269,6.387341,29.825630,484.339910
2.357143,0.071429,3,900,300,rosenbrock,9,0.005344,5.401614,6.030189,6.014428,490.440910
2.357143,0.142857,3,900,300,rosenbrock,9,0.893309,5.759205,6.521954,5.119453,495.817810
2.357143,0.214286,3,900,300,rosenbrock,9,2.107434,5.572633,6.137421,1.564519,503.271940
2.357143,0.285714,3,900,300,rosenbrock,9,0.010191,5.163416,5.914537,2.391066,510.218110
2.357143,0.357143,3,900,300,rosenbrock,9,0.050984,4.752669,5.576504,2.277302,515.291150
2.357143,0.428571,3,900,300,rosenbrock,9,0.006779,4.414895,5.007121,1.977913,522.035400
2.357143,0.500000,3,900,300,rosenbrock,9,0.653838,4.067778,4.717697,1.652564,524.499490
2.357143,0.571429,3,900,300,rosenbrock,9,0.797090,3.726927,4.302800,1.768620,531.418910
2.357143,0.642857,3,900,300,rosenbrock,9,0.116702,2.862841,3.470546,1.739925,539.295210
2.357143,0.714286,3,900,300,rosenbrock,9,0.000584,1.849358,2.378817,2.020111,539.456630
2.357143,0.785714,3,900,300,rosenbrock,9,0.000000,0.384267,0.425678,1.258570,548.761090
2.357143,0.857143,3,900,300,rosenbrock,9,0.000000,0.000000,0.000000,0.558044,547.707100
2.357143,0.928571,3,900,300,rosenbrock,9,0.000000,0.000000,0.000000,0.000000,558.349640
2.357143,1.000000,3,900,300,rosenbrock,9,0.839646,2.758278,3.196904,1.207082,555.519440
2.500000,0.000000,3,900,300,rosenbrock,9,0.000000,4.880923,6.682788,25.274828,482.691030
2.500000,0.071429,3,900,300,rosenbrock,9,0.006290,5.711822,6.789218,8.844094,492.714300
2.500000,0.142857,3,900,300,rosenbrock,9,1.689731,5.426628,6.092891,12.327875,499.741060
2.500000,0.214286,3,900,300,rosenbrock,9,0.350140,5.356379,5.883427,2.312428,503.485650
2.500000,0.285714,3,900,300,rosenbrock,9,0.000690,4.796925,5.458382,7.588356,510.684770
2.500000,0.357143,3,900,300,rosenbrock,9,0.026037,4.552990,5.267946,1.783874,515.985820
2.500000,0.428571,3,900,300,rosenbrock,9,0.010968,4.569455,5.292077,2.010483,3220.585300
2.500000,0.500000,3,900,300,rosenbrock,9,0.455532,3.945679,4.486954,2.062050,540.214490
2.500000,0.571429,3,900,300,rosenbrock,9,0.018690,3.359076,3.988932,1.628010,536.680030
2.500000,0.642857,3,900,300,rosenbrock,9,0.010132,3.049953,3.758665,1.849013,542.285590
2.500000,0.714286,3,900,300,rosenbrock,9,0.107387,2.122655,2.720195,1.722079,555.260870
2.500000,0.785714,3,900,300,rosenbrock,9,0.000001,0.488013,0.610508,1.274665,551.846080
2.500000,0.857143,3,900,300,rosenbrock,9,0.000000,0.000000,0.000000,0.398837,559.877740
2.500000,0.928571,3,900,300,rosenbrock,9,0.000000,0.000000,0.000000,0.000000,560.769050
2.500000,1.000000,3,900,300,rosenbrock,9,0.748915,2.765747,3.263575,1.168461,560.677430
