n_leaders,a_factor,c_factor,convergence,population_size,num_iterations,objective,dimensionality,best_value,average_value_top_80,median_value,stddev_value,average_time_ms
3,0.500000,4.865126,linear,150,50,rastrigin,3,0.000000,0.646722,0.994957,1.057606,2.375296
3,0.500000,0.500000,linear,150,50,rastrigin,3,0.029785,4.293447,5.068797,3.449859,2.504112
3,0.500000,1.559667,linear,150,50,rastrigin,3,0.000000,2.479525,2.495072,2.841276,2.512113
3,0.539396,1.067443,linear,150,50,rastrigin,3,0.000000,2.501958,2.984876,2.629598,2.552528
3,0.519324,2.278869,linear,150,50,rastrigin,3,0.000000,1.678997,1.989918,2.121941,2.801151
3,0.519324,7.108555,linear,150,50,rastrigin,3,0.000000,0.198991,0.000000,0.599952,2.819070
3,0.519324,0.730562,linear,150,50,rastrigin,3,0.000004,3.471876,4.974866,2.994589,3.130357
3,0.539396,3.329712,linear,150,50,rastrigin,3,0.000000,0.895461,0.994957,0.939485,2.999391
3,0.560243,1.559667,linear,150,50,rastrigin,3,0.000008,2.377017,1.997624,2.168622,2.444156
3,0.560243,4.865126,linear,150,50,rastrigin,3,0.000000,0.547226,0.994957,1.043710,2.494517
3,0.581895,2.278869,linear,150,50,rastrigin,3,0.000000,1.231262,1.989916,1.781250,2.559985
3,0.560243,0.500000,linear,150,50,rastrigin,3,0.020920,3.510883,4.977966,3.044673,2.856987
3,0.581895,0.730562,linear,150,50,rastrigin,3,0.000004,3.325449,4.004174,2.941267,2.730241
3,0.581895,7.108555,linear,150,50,rastrigin,3,0.000000,0.111933,0.000000,0.545959,2.816242
3,0.627744,0.500000,linear,150,50,rastrigin,3,0.000771,3.965973,5.003529,3.287517,2.855979
3,0.627744,4.865126,linear,150,50,rastrigin,3,0.000000,0.435294,0.994957,0.758455,2.875980
3,0.604385,1.067443,linear,150,50,rastrigin,3,0.000004,2.548166,2.985120,2.417626,3.037929
3,0.627744,1.559667,linear,150,50,rastrigin,3,0.000000,1.480214,1.989918,1.917409,3.024613
3,0.652005,0.730562,linear,150,50,rastrigin,3,0.000046,2.987432,3.032862,2.266554,3.023252
3,0.604385,3.329712,linear,150,50,rastrigin,3,0.000000,0.883024,0.994957,1.243140,3.151130
3,0.500000,0.519324,linear,150,50,rastrigin,3,0.130198,4.462276,5.056210,3.310236,2.409560
3,0.519324,2.366945,linear,150,50,rastrigin,3,0.000000,1.405847,1.989916,1.972993,2.177940
3,0.500000,1.619947,linear,150,50,rastrigin,3,0.000000,2.257763,1.991679,2.492805,2.252885
3,0.539396,1.108698,linear,150,50,rastrigin,3,0.000046,2.574801,2.984921,2.748615,2.302981
3,0.500000,5.053156,linear,150,50,rastrigin,3,0.000000,0.509915,0.994957,1.257902,2.638447
3,0.652005,2.278869,linear,150,50,rastrigin,3,0.000000,1.206407,1.989915,1.579553,2.911672
3,0.677205,3.329712,linear,150,50,rastrigin,3,0.000000,0.696470,0.994957,1.289612,2.132523
3,0.519324,7.383293,linear,150,50,rastrigin,3,0.000000,0.198991,0.000000,0.581774,2.467064
3,0.652005,7.108555,linear,150,50,rastrigin,3,0.000000,0.087059,0.000000,0.468370,3.105040
3,0.677205,1.067443,linear,150,50,rastrigin,3,0.000000,2.650321,2.984877,2.800877,2.221343
3,0.519324,0.758798,linear,150,50,rastrigin,3,0.003613,3.089612,3.931624,2.896884,1.945528
3,0.703378,0.500000,linear,150,50,rastrigin,3,0.005346,3.544500,4.279099,3.222238,1.874608
3,0.539396,3.458402,linear,150,50,rastrigin,3,0.000000,0.870587,0.994957,1.395213,1.583174
3,0.560243,5.053156,linear,150,50,rastrigin,3,0.000000,0.472605,0.994957,0.687602,1.332206
3,0.560243,1.619947,linear,150,50,rastrigin,3,0.000000,1.620749,1.989918,1.928852,1.439057
3,0.604385,3.458402,linear,150,50,rastrigin,3,0.000000,0.932772,0.994957,0.958212,0.975452
3,0.627744,0.519324,linear,150,50,rastrigin,3,0.995262,3.745713,4.995657,3.145422,1.244270
3,0.627744,5.053156,linear,150,50,rastrigin,3,0.000000,0.447731,0.994957,0.593316,1.470860
3,0.627744,1.619947,linear,150,50,rastrigin,3,0.000000,1.902867,1.989918,2.300927,1.347370
3,0.581895,2.366945,linear,150,50,rastrigin,3,0.000000,1.467794,1.989916,1.890926,1.722469
3,0.581895,7.383293,linear,150,50,rastrigin,3,0.000000,0.087059,0.000000,0.692479,1.571736
3,0.500000,0.539396,linear,150,50,rastrigin,3,0.041933,3.570208,4.977108,3.099809,0.956024
3,0.581895,0.758798,linear,150,50,rastrigin,3,0.000004,2.977463,3.020433,2.786561,1.679522
3,0.703378,4.865126,linear,150,50,rastrigin,3,0.000000,0.298487,0.000000,0.571213,1.563589
3,0.703378,1.559667,linear,150,50,rastrigin,3,0.000000,1.878006,1.989920,2.231973,1.605815
3,0.604385,1.108698,linear,150,50,rastrigin,3,0.000019,2.705490,2.985038,2.867563,1.620466
3,0.560243,0.519324,linear,150,50,rastrigin,3,0.006456,4.259124,5.074668,3.100607,1.937068
3,0.519324,7.668648,linear,150,50,rastrigin,3,0.000000,0.236302,0.000000,0.650538,0.860889
3,0.519324,2.458424,linear,150,50,rastrigin,3,0.000000,1.629296,1.989916,1.828007,1.139216
3,0.677205,3.458402,linear,150,50,rastrigin,3,0.000000,0.659159,0.994957,0.850034,1.015392
3,0.730562,0.730562,linear,150,50,rastrigin,3,0.000002,3.344090,4.974789,3.158273,1.490937
3,0.730562,2.278869,linear,150,50,rastrigin,3,0.000000,1.019831,0.994957,1.443581,1.331036
3,0.758798,1.067443,linear,150,50,rastrigin,3,0.000000,1.968060,1.989928,1.857864,0.984630
3,0.500000,5.248456,linear,150,50,rastrigin,3,0.000000,0.522352,0.994957,0.795966,1.113212
3,0.500000,1.682556,linear,150,50,rastrigin,3,0.000000,1.683197,1.989918,1.939692,1.210474
3,0.539396,1.151548,linear,150,50,rastrigin,3,0.000031,2.434643,2.022084,2.481055,1.265312
3,0.652005,2.366945,linear,150,50,rastrigin,3,0.000000,1.131764,0.994959,1.520007,1.258824
3,0.652005,0.758798,linear,150,50,rastrigin,3,0.001328,2.719032,2.984890,2.813214,2.257446
3,0.703378,0.519324,linear,150,50,rastrigin,3,0.031841,3.482136,4.117051,2.786847,1.234347
3,0.677205,1.108698,linear,150,50,rastrigin,3,0.000000,2.240174,1.991173,2.289053,1.318156
3,0.730562,7.108555,linear,150,50,rastrigin,3,0.000000,0.024874,0.000000,0.412157,1.247362
3,0.652005,7.383293,linear,150,50,rastrigin,3,0.000000,0.136807,0.000000,0.508403,1.430080
3,0.519324,0.788124,linear,150,50,rastrigin,3,0.000000,3.276628,3.980401,3.407485,1.491982
3,0.627744,0.539396,linear,150,50,rastrigin,3,0.000050,3.237085,3.999494,3.113107,0.892453
3,0.560243,5.248456,linear,150,50,rastrigin,3,0.000000,0.385546,0.994957,1.058403,1.111814
3,0.539396,3.592065,linear,150,50,rastrigin,3,0.000000,0.945209,0.994957,1.013490,1.668177
3,0.560243,1.682556,linear,150,50,rastrigin,3,0.000000,2.065430,1.989920,2.108861,1.458753
3,0.703378,5.053156,linear,150,50,rastrigin,3,0.000000,0.348235,0.000000,0.619356,1.126866
3,0.581895,0.788124,linear,150,50,rastrigin,3,0.000242,2.812895,2.988522,2.678727,1.140913
3,0.500000,0.560243,linear,150,50,rastrigin,3,0.020639,3.508331,4.297452,2.834506,1.178294
3,0.519324,7.965033,linear,150,50,rastrigin,3,0.000000,0.186554,0.000000,0.519955,1.052580
3,0.627744,5.248456,linear,150,50,rastrigin,3,0.000000,0.385546,0.994957,0.689327,1.637230
3,0.581895,2.458424,linear,150,50,rastrigin,3,0.000000,1.318384,1.989916,1.514919,1.365368
3,0.677205,3.592065,linear,150,50,rastrigin,3,0.000000,0.671596,0.994957,1.072479,1.022246
3,0.627744,1.682556,linear,150,50,rastrigin,3,0.000000,2.002401,1.989918,2.236833,1.722942
3,0.581895,7.668648,linear,150,50,rastrigin,3,0.000000,0.000000,0.000000,0.564939,1.442014
3,0.604385,3.592065,linear,150,50,rastrigin,3,0.000000,0.795966,0.994957,1.653276,1.872595
3,0.730562,2.366945,linear,150,50,rastrigin,3,0.000000,0.945209,0.994957,1.588788,0.915995
3,0.539396,1.196054,linear,150,50,rastrigin,3,0.000000,2.671807,2.984923,2.474174,0.969584
3,0.652005,2.458424,linear,150,50,rastrigin,3,0.000000,1.156638,0.994959,1.579790,0.964342
3,0.519324,2.553439,linear,150,50,rastrigin,3,0.000000,1.430257,1.989916,1.675081,1.208036
3,0.604385,1.151548,linear,150,50,rastrigin,3,0.000130,2.716135,2.984953,2.665498,1.339207
3,0.500000,5.451302,linear,150,50,rastrigin,3,0.000000,0.596974,0.994957,0.739957,1.020444
3,0.730562,0.758798,linear,150,50,rastrigin,3,0.000004,2.988541,3.042118,3.280855,1.036956
3,0.703378,0.539396,linear,150,50,rastrigin,3,0.000004,3.715670,4.976439,3.158669,0.994328
3,0.703378,1.619947,linear,150,50,rastrigin,3,0.000000,1.641704,1.989918,1.847067,1.534394
3,0.758798,1.108698,linear,150,50,rastrigin,3,0.000000,2.079793,1.989961,2.353984,1.070671
3,0.652005,0.788124,linear,150,50,rastrigin,3,0.000614,3.223466,4.008004,2.552043,1.123638
3,0.560243,0.539396,linear,150,50,rastrigin,3,0.030527,3.790285,4.999063,3.272455,1.486049
3,0.500000,1.747585,linear,150,50,rastrigin,3,0.000000,2.140119,2.022757,2.144091,1.185366
3,0.519324,0.818585,linear,150,50,rastrigin,3,0.000046,2.946768,2.998422,2.734840,0.945844
3,0.560243,5.451302,linear,150,50,rastrigin,3,0.000000,0.609411,0.994957,0.861659,1.053264
3,0.730562,7.383293,linear,150,50,rastrigin,3,0.000000,0.074622,0.000000,0.513055,1.016070
3,0.627744,0.560243,linear,150,50,rastrigin,3,0.001995,3.698740,4.977512,3.225978,1.098580
3,0.758798,3.329712,linear,150,50,rastrigin,3,0.000000,0.621848,0.994957,0.927981,0.939139
3,0.581895,0.818585,linear,150,50,rastrigin,3,0.000145,3.190641,4.183257,2.823568,0.989029
3,0.539396,3.730894,linear,150,50,rastrigin,3,0.000000,0.721344,0.994957,1.439218,1.077062
3,0.730562,0.788124,linear,150,50,rastrigin,3,0.000002,2.520807,2.984891,2.856082,1.039088
3,0.703378,5.248456,linear,150,50,rastrigin,3,0.000000,0.298487,0.000000,0.681818,1.094135
3,0.519324,8.272873,linear,150,50,rastrigin,3,0.000000,0.111933,0.000000,0.652741,1.048623
3,0.560243,1.747585,linear,150,50,rastrigin,3,0.000000,2.015160,1.989921,2.320239,1.118901
3,0.652005,7.668648,linear,150,50,rastrigin,3,0.000000,0.037311,0.000000,0.418710,1.336455
3,0.627744,1.747585,linear,150,50,rastrigin,3,0.000000,1.579905,1.989918,1.655041,1.043840
3,0.581895,2.553439,linear,150,50,rastrigin,3,0.000000,1.256134,1.492436,1.588041,1.152312
3,0.604385,3.730894,linear,150,50,rastrigin,3,0.000000,0.845713,0.994957,1.000712,1.043914
3,0.677205,1.151548,linear,150,50,rastrigin,3,0.000000,2.091298,1.989942,2.510203,1.298910
3,0.677205,3.730894,linear,150,50,rastrigin,3,0.000000,0.572100,0.994957,1.062324,1.198679
3,0.581895,7.965033,linear,150,50,rastrigin,3,0.000000,0.037311,0.000000,0.418710,1.235582
3,0.627744,5.451302,linear,150,50,rastrigin,3,0.000000,0.348235,0.000000,0.758977,1.408896
3,0.539396,1.242280,linear,150,50,rastrigin,3,0.000000,2.695415,2.984947,2.914939,1.282747
3,0.730562,2.458424,linear,150,50,rastrigin,3,0.000000,1.069583,0.994957,1.810820,1.297141
3,0.652005,2.553439,linear,150,50,rastrigin,3,0.000000,0.957646,0.994957,1.556560,1.294519
3,0.500000,5.661988,linear,150,50,rastrigin,3,0.000000,0.547226,0.994957,0.946832,0.911516
3,0.519324,2.652127,linear,150,50,rastrigin,3,0.000000,1.542184,1.989916,1.891440,1.402428
3,0.500000,0.581895,linear,150,50,rastrigin,3,0.233290,3.218576,3.164918,2.918641,1.017943
3,0.703378,1.682556,linear,150,50,rastrigin,3,0.000000,1.679013,1.989916,1.629418,1.013412
3,0.519324,0.850222,linear,150,50,rastrigin,3,0.000164,2.770125,2.990597,2.746150,0.958128
3,0.788124,0.500000,linear,150,50,rastrigin,3,0.004709,3.145806,3.979904,2.740455,1.124340
3,0.703378,0.560243,linear,150,50,rastrigin,3,0.007687,3.111707,3.027711,3.081266,1.284827
3,0.500000,1.815127,linear,150,50,rastrigin,3,0.000000,2.064615,1.989920,2.169954,1.235308
3,0.652005,0.818585,linear,150,50,rastrigin,3,0.000000,3.399207,4.974792,3.117136,1.247327
3,0.627744,0.581895,linear,150,50,rastrigin,3,0.995377,3.424362,4.974843,2.824602,1.225891
3,0.604385,1.196054,linear,150,50,rastrigin,3,0.000000,2.079643,1.990040,2.625953,1.479289
3,0.730562,7.668648,linear,150,50,rastrigin,3,0.000000,0.000000,0.000000,0.390956,1.279772
3,0.758798,1.151548,linear,150,50,rastrigin,3,0.000000,2.350945,2.489995,2.443787,1.411421
3,0.560243,5.661988,linear,150,50,rastrigin,3,0.000000,0.310924,0.000000,0.681455,1.522456
3,0.703378,5.451302,linear,150,50,rastrigin,3,0.000000,0.298487,0.000000,0.605209,0.908592
3,0.788124,1.559667,linear,150,50,rastrigin,3,0.000000,1.417816,1.989916,2.040876,1.694288
3,0.560243,0.560243,linear,150,50,rastrigin,3,0.000200,3.432588,4.801332,3.212442,1.709842
3,0.581895,0.850222,linear,150,50,rastrigin,3,0.001781,2.932790,3.262313,3.168748,1.267643
3,0.758798,3.458402,linear,150,50,rastrigin,3,0.000000,0.634285,0.994957,1.013880,1.384172
3,0.730562,0.818585,linear,150,50,rastrigin,3,0.000000,3.089230,3.979921,2.595894,1.122693
3,0.539396,3.875088,linear,150,50,rastrigin,3,0.000000,0.721344,0.994957,1.111284,1.342425
3,0.677205,3.875088,linear,150,50,rastrigin,3,0.000000,0.621848,0.994957,1.009723,0.845599
3,0.560243,1.815127,linear,150,50,rastrigin,3,0.000000,2.165623,1.990017,2.272823,1.186867
3,0.581895,2.652127,linear,150,50,rastrigin,3,0.000000,1.119328,0.994959,1.506170,1.129349
3,0.519324,8.592609,linear,150,50,rastrigin,3,0.000000,0.136807,0.000000,0.508403,1.275937
3,0.677205,1.196054,linear,150,50,rastrigin,3,0.000000,2.439330,1.989954,2.492638,1.182155
3,0.539396,1.290293,linear,150,50,rastrigin,3,0.000000,2.366932,1.994225,2.340738,0.934106
3,0.581895,8.272873,linear,150,50,rastrigin,3,0.000000,0.037311,0.000000,0.447620,1.018749
3,0.627744,1.815127,linear,150,50,rastrigin,3,0.000000,1.554679,1.989916,2.047667,1.478764
3,0.652005,7.965033,linear,150,50,rastrigin,3,0.000000,0.049748,0.000000,0.453225,1.570633
3,0.500000,0.604385,linear,150,50,rastrigin,3,0.997124,3.800315,4.979815,2.991428,1.010525
3,0.627744,5.661988,linear,150,50,rastrigin,3,0.000000,0.248739,0.000000,0.549573,1.260553
3,0.519324,0.883082,linear,150,50,rastrigin,3,0.000093,2.579263,2.985872,2.484834,0.935191
3,0.703378,1.747585,linear,150,50,rastrigin,3,0.000000,1.492437,1.989916,1.377360,1.027448
3,0.730562,2.553439,linear,150,50,rastrigin,3,0.000000,0.733782,0.994957,1.303774,1.395437
3,0.652005,2.652127,linear,150,50,rastrigin,3,0.000000,1.193950,0.994959,1.860836,1.416202
3,0.703378,0.581895,linear,150,50,rastrigin,3,0.004045,3.509190,4.975022,2.740845,0.977359
3,0.500000,5.880818,linear,150,50,rastrigin,3,0.000000,0.547226,0.994957,0.882937,1.640525
3,0.604385,3.875088,linear,150,50,rastrigin,3,0.000000,0.758655,0.994957,1.297265,2.197143
3,0.500000,1.885279,linear,150,50,rastrigin,3,0.000000,1.904001,1.989920,2.116828,1.061432
3,0.652005,0.850222,linear,150,50,rastrigin,3,0.000000,2.914295,3.018922,2.852158,1.348999
3,0.703378,5.661988,linear,150,50,rastrigin,3,0.000000,0.149244,0.000000,0.554326,1.024918
3,0.627744,1.885279,linear,150,50,rastrigin,3,0.000000,1.554632,1.989916,1.767858,1.199665
3,0.519324,2.754628,linear,150,50,rastrigin,3,0.000000,1.206434,0.994968,1.652275,2.270216
3,0.730562,0.850222,linear,150,50,rastrigin,3,0.000040,2.845671,3.018949,2.470274,0.971700
3,0.677205,4.024856,linear,150,50,rastrigin,3,0.000000,0.422857,0.994957,0.821428,0.959765
3,0.788124,0.519324,linear,150,50,rastrigin,3,0.002045,3.378825,4.496085,2.857426,1.863847
3,0.627744,0.604385,linear,150,50,rastrigin,3,0.014553,3.791114,4.975493,3.429485,1.803421
3,0.539396,1.340161,linear,150,50,rastrigin,3,0.000000,2.566067,2.984880,2.461486,0.800977
3,0.788124,4.865126,linear,150,50,rastrigin,3,0.000000,0.273613,0.000000,0.604882,1.506171
3,0.627744,5.880818,linear,150,50,rastrigin,3,0.000000,0.236302,0.000000,0.634281,0.805416
3,0.519324,0.917212,linear,150,50,rastrigin,3,0.000797,3.076323,3.979832,3.041981,0.895853
3,0.560243,0.581895,linear,150,50,rastrigin,3,0.000111,3.634490,4.979022,3.436472,1.556103
3,0.539396,4.024856,linear,150,50,rastrigin,3,0.000000,0.783529,0.994957,1.160310,1.377489
3,0.519324,8.924703,linear,150,50,rastrigin,3,0.000000,0.062185,0.000000,0.484474,1.022210
3,0.500000,0.627744,linear,150,50,rastrigin,3,0.001892,4.089147,5.003427,3.476154,1.021583
3,0.788124,1.619947,linear,150,50,rastrigin,3,0.000000,1.442778,1.989916,1.801936,1.832519
3,0.604385,1.242280,linear,150,50,rastrigin,3,0.000000,2.431627,2.984875,2.727598,2.161034
3,0.758798,3.592065,linear,150,50,rastrigin,3,0.000000,0.422857,0.994957,0.804564,1.815219
3,0.730562,7.965033,linear,150,50,rastrigin,3,0.000000,0.000000,0.000000,0.397983,1.979180
3,0.560243,5.880818,linear,150,50,rastrigin,3,0.000000,0.373109,0.497478,0.586519,2.123203
3,0.581895,0.883082,linear,150,50,rastrigin,3,0.000042,2.576270,2.985179,2.692909,2.052162
3,0.703378,1.815127,linear,150,50,rastrigin,3,0.000000,1.504885,1.989916,2.151936,1.037050
3,0.703378,0.604385,linear,150,50,rastrigin,3,0.000080,3.320521,3.993042,3.040865,1.053229
3,0.560243,1.885279,linear,150,50,rastrigin,3,0.000000,1.803556,1.989918,2.138737,1.569359
3,0.652005,8.272873,linear,150,50,rastrigin,3,0.000000,0.000000,0.000000,0.422125,1.589849
3,0.758798,1.196054,linear,150,50,rastrigin,3,0.000000,1.848716,1.989918,2.204900,1.664275
3,0.519324,2.861092,linear,150,50,rastrigin,3,0.000000,1.094453,0.994959,1.460217,0.860169
3,0.703378,5.880818,linear,150,50,rastrigin,3,0.000000,0.223865,0.000000,0.505278,0.996415
3,0.581895,2.754628,linear,150,50,rastrigin,3,0.000000,1.007394,0.994958,1.615727,1.851234
3,0.677205,1.242280,linear,150,50,rastrigin,3,0.000000,2.064881,1.989931,2.511703,1.862657
3,0.500000,1.958143,linear,150,50,rastrigin,3,0.000000,1.753773,1.989918,1.831816,1.091374
3,0.581895,8.592609,linear,150,50,rastrigin,3,0.000000,0.012437,0.000000,0.435514,1.923263
3,0.604385,4.024856,linear,150,50,rastrigin,3,0.000000,0.534789,0.994957,1.017147,1.339228
3,0.500000,6.108104,linear,150,50,rastrigin,3,0.000000,0.472605,0.994957,0.687601,1.376876
3,0.652005,0.883082,linear,150,50,rastrigin,3,0.000000,2.476590,2.984971,2.653044,1.218723
3,0.627744,1.958143,linear,150,50,rastrigin,3,0.000000,1.467802,1.989916,1.892190,1.243892
3,0.788124,0.539396,linear,150,50,rastrigin,3,0.002510,3.584561,4.974824,2.521582,1.043448
3,0.730562,2.652127,linear,150,50,rastrigin,3,0.000000,0.833277,0.994957,1.198088,1.600420
3,0.652005,2.754628,linear,150,50,rastrigin,3,0.000000,1.032268,0.994959,1.292836,1.659159
3,0.677205,4.180412,linear,150,50,rastrigin,3,0.000000,0.435294,0.994957,0.845656,1.159842
3,0.539396,1.391957,linear,150,50,rastrigin,3,0.000000,2.258955,1.990473,2.278480,0.920949
3,0.627744,0.627744,linear,150,50,rastrigin,3,0.019054,3.456915,4.974869,3.299872,1.347232
3,0.730562,0.883082,linear,150,50,rastrigin,3,0.000002,2.553086,2.984880,2.639335,1.393420
3,0.519324,0.952661,linear,150,50,rastrigin,3,0.000048,2.234911,2.003214,3.002004,0.977112
3,0.627744,6.108104,linear,150,50,rastrigin,3,0.000000,0.298487,0.000000,0.571213,1.066279
3,0.788124,5.053156,linear,150,50,rastrigin,3,0.000000,0.161681,0.000000,0.536171,1.160220
3,0.539396,4.180412,linear,150,50,rastrigin,3,0.000000,0.758655,0.994957,1.102385,0.998688
3,0.519324,9.269632,linear,150,50,rastrigin,3,0.000000,0.111933,0.000000,0.451474,1.008076
3,0.500000,0.652005,linear,150,50,rastrigin,3,0.001038,3.598997,4.978128,3.127681,1.096823
3,0.758798,1.242280,linear,150,50,rastrigin,3,0.000000,1.990176,1.989918,2.459366,0.821253
3,0.818585,0.730562,linear,150,50,rastrigin,3,0.000250,2.969772,3.979832,2.568760,0.857457
3,0.560243,1.958143,linear,150,50,rastrigin,3,0.000000,1.405395,1.989916,2.181535,0.901840
3,0.703378,0.627744,linear,150,50,rastrigin,3,0.001352,3.729940,4.975425,2.753287,0.978793
3,0.652005,8.592609,linear,150,50,rastrigin,3,0.000000,0.000000,0.000000,0.298487,1.076294
3,0.703378,1.885279,linear,150,50,rastrigin,3,0.000000,1.543181,1.989916,1.806211,1.147048
3,0.519324,2.971669,linear,150,50,rastrigin,3,0.000000,1.169075,0.994973,1.326357,1.070449
3,0.604385,1.290293,linear,150,50,rastrigin,3,0.000000,2.141944,1.990632,2.325797,1.485051
3,0.788124,1.682556,linear,150,50,rastrigin,3,0.000000,1.455133,1.989914,1.791582,1.535107
3,0.730562,8.272873,linear,150,50,rastrigin,3,0.000000,0.000000,0.000000,0.284739,1.458832
3,0.560243,6.108104,linear,150,50,rastrigin,3,0.000000,0.273613,0.000000,0.847234,1.527082
3,0.703378,6.108104,linear,150,50,rastrigin,3,0.000000,0.174117,0.000000,0.538657,1.268792
3,0.581895,0.917212,linear,150,50,rastrigin,3,0.000015,2.442102,2.017918,2.841750,1.632333
3,0.758798,3.730894,linear,150,50,rastrigin,3,0.000000,0.522352,0.994957,0.795967,1.656971
3,0.560243,0.604385,linear,150,50,rastrigin,3,0.049274,4.011244,5.016100,3.000244,2.083490
3,0.581895,2.861092,linear,150,50,rastrigin,3,0.000000,0.970085,0.994957,1.492302,1.156842
3,0.500000,6.344175,linear,150,50,rastrigin,3,0.000000,0.385546,0.994957,0.788155,0.898697
3,0.818585,7.108555,linear,150,50,rastrigin,3,0.000000,0.000000,0.000000,0.311312,0.833399
3,0.818585,2.278869,linear,150,50,rastrigin,3,0.000000,0.808403,0.994957,1.276458,0.906207
3,0.677205,1.290293,linear,150,50,rastrigin,3,0.000000,2.229586,1.990725,2.354962,1.196421
3,0.730562,2.754628,linear,150,50,rastrigin,3,0.000000,0.945209,0.994957,1.252659,0.974346
3,0.788124,0.560243,linear,150,50,rastrigin,3,0.000010,2.868351,3.980037,3.122626,1.034912
3,0.500000,2.033823,linear,150,50,rastrigin,3,0.000000,1.853221,1.989918,2.506310,1.381308
3,0.652005,0.917212,linear,150,50,rastrigin,3,0.000225,3.086225,3.979839,2.715033,1.136826
3,0.539396,1.445755,linear,150,50,rastrigin,3,0.000000,2.291090,1.990648,2.311440,1.085013
3,0.627744,2.033823,linear,150,50,rastrigin,3,0.000000,1.542343,1.989916,1.950748,1.250128
3,0.652005,2.861092,linear,150,50,rastrigin,3,0.000000,1.032269,0.994957,1.071602,1.220003
3,0.850222,1.067443,linear,150,50,rastrigin,3,0.000000,2.100576,1.989979,2.364100,1.219980
3,0.581895,8.924703,linear,150,50,rastrigin,3,0.000000,0.037311,0.000000,0.418710,1.536294
3,0.604385,4.180412,linear,150,50,rastrigin,3,0.000000,0.584537,0.994957,0.955315,1.623411
3,0.677205,4.341980,linear,150,50,rastrigin,3,0.000000,0.460168,0.994957,0.824975,1.526525
3,0.652005,8.924703,linear,150,50,rastrigin,3,0.000000,0.024874,0.000000,0.412157,1.040242
3,0.519324,0.989480,linear,150,50,rastrigin,3,0.994957,3.350477,4.974787,2.841011,1.048141
3,0.500000,0.677205,linear,150,50,rastrigin,3,0.105064,3.409683,4.180453,3.360397,0.887393
3,0.818585,0.758798,linear,150,50,rastrigin,3,0.000000,2.346013,1.991674,2.483417,0.873021
3,0.788124,5.248456,linear,150,50,rastrigin,3,0.000000,0.211428,0.000000,0.564501,1.203550
3,0.703378,0.652005,linear,150,50,rastrigin,3,0.000071,3.306507,4.974854,3.340077,1.002406
3,0.703378,1.958143,linear,150,50,rastrigin,3,0.000000,1.243697,0.994965,1.968305,0.933115
3,0.519324,3.086521,linear,150,50,rastrigin,3,0.000000,1.082018,0.994959,1.872106,0.945092
3,0.560243,2.033823,linear,150,50,rastrigin,3,0.000000,1.903604,1.989918,2.236282,1.179926
3,0.730562,0.917212,linear,150,50,rastrigin,3,0.000004,2.773154,2.985365,2.429577,1.549674
3,0.539396,4.341980,linear,150,50,rastrigin,3,0.000000,0.808403,0.994957,1.104179,1.563844
3,0.758798,1.290293,linear,150,50,rastrigin,3,0.000000,1.816154,1.989922,2.035986,1.488535
3,0.604385,1.340161,linear,150,50,rastrigin,3,0.000000,2.276317,1.994256,2.122400,1.198586
3,0.519324,9.627893,linear,150,50,rastrigin,3,0.000000,0.012437,0.000000,0.405254,1.775607
3,0.627744,6.344175,linear,150,50,rastrigin,3,0.000000,0.186554,0.000000,0.519955,1.797058
3,0.703378,6.344175,linear,150,50,rastrigin,3,0.000000,0.136807,0.000000,0.484984,1.238470
3,0.788124,1.747585,linear,150,50,rastrigin,3,0.000000,1.243697,1.989914,1.702366,1.439611
3,0.818585,7.383293,linear,150,50,rastrigin,3,0.000000,0.000000,0.000000,0.311312,1.172409
3,0.818585,2.366945,linear,150,50,rastrigin,3,0.000000,0.994957,0.994957,1.353252,1.176597
3,0.730562,8.592609,linear,150,50,rastrigin,3,0.000000,0.000000,0.000000,0.345237,1.560149
3,0.850222,1.108698,linear,150,50,rastrigin,3,0.000000,1.804296,1.989918,1.845642,0.785516
3,0.500000,6.589370,linear,150,50,rastrigin,3,0.000000,0.348235,0.000000,0.793225,1.344816
3,0.539396,1.501631,linear,150,50,rastrigin,3,0.000013,2.426601,2.500565,2.425641,1.158084
3,0.677205,1.340161,linear,150,50,rastrigin,3,0.000000,1.617521,1.989918,1.753275,1.229179
3,0.560243,6.344175,linear,150,50,rastrigin,3,0.000000,0.298487,0.000000,0.858839,1.828607
3,0.818585,0.788124,linear,150,50,rastrigin,3,0.000067,3.025545,3.006405,2.649194,1.339952
3,0.627744,2.112428,linear,150,50,rastrigin,3,0.000000,1.169369,0.994959,1.620498,1.129378
3,0.758798,3.875088,linear,150,50,rastrigin,3,0.000000,0.497478,0.994957,1.032985,1.608922
3,0.519324,3.205812,linear,150,50,rastrigin,3,0.000000,1.082016,0.994957,1.548143,1.134418
3,0.581895,2.971669,linear,150,50,rastrigin,3,0.000000,0.895461,0.994957,1.595007,1.792277
3,0.627744,0.652005,linear,150,50,rastrigin,3,0.000000,3.083485,3.176132,3.393858,2.270810
3,0.581895,0.952661,linear,150,50,rastrigin,3,0.000654,2.890218,2.985023,2.778080,1.828221
3,0.788124,0.581895,linear,150,50,rastrigin,3,0.000443,3.233102,3.987353,3.396316,1.641402
3,0.560243,0.627744,linear,150,50,rastrigin,3,0.012047,3.623592,4.975241,3.081226,1.950764
3,0.850222,3.329712,linear,150,50,rastrigin,3,0.000000,0.460168,0.994957,0.848635,1.802329
3,0.604385,4.341980,linear,150,50,rastrigin,3,0.000000,0.397983,0.994957,0.955574,1.128118
3,0.581895,9.269632,linear,150,50,rastrigin,3,0.000000,0.000000,0.000000,0.355271,1.289856
3,0.730562,2.861092,linear,150,50,rastrigin,3,0.000000,1.019831,0.994957,1.407751,2.067136
3,0.500000,0.703378,linear,150,50,rastrigin,3,0.006990,3.551398,4.975694,3.444930,0.996280
3,0.703378,0.677205,linear,150,50,rastrigin,3,0.995003,3.105677,3.979904,2.985966,1.067425
3,0.677205,4.509793,linear,150,50,rastrigin,3,0.000000,0.422857,0.994957,0.753742,1.283488
3,0.652005,2.971669,linear,150,50,rastrigin,3,0.000000,0.696470,0.994957,1.199904,2.028806
3,0.560243,2.112428,linear,150,50,rastrigin,3,0.000000,1.666589,1.989916,1.905638,0.977726
3,0.883082,0.500000,linear,150,50,rastrigin,3,0.000015,2.716089,2.994882,3.093066,2.128878
3,0.883082,4.865126,linear,150,50,rastrigin,3,0.000000,0.136807,0.000000,0.571906,1.628765
3,0.788124,5.451302,linear,150,50,rastrigin,3,0.000000,0.161681,0.000000,0.556732,1.198472
3,0.500000,2.112428,linear,150,50,rastrigin,3,0.000000,2.027233,1.989920,2.227019,2.379625
3,0.627744,6.589370,linear,150,50,rastrigin,3,0.000000,0.149244,0.000000,0.511605,1.051451
3,0.519324,1.027723,linear,150,50,rastrigin,3,0.000019,3.095426,3.979832,2.880008,1.440935
3,0.703378,2.033823,linear,150,50,rastrigin,3,0.000000,1.032377,0.994960,1.931154,1.141839
3,0.604385,1.391957,linear,150,50,rastrigin,3,0.000000,2.140253,1.990476,2.123456,1.123029
3,0.758798,1.340161,linear,150,50,rastrigin,3,0.000000,1.954717,1.989918,2.027844,1.133332
3,0.703378,6.589370,linear,150,50,rastrigin,3,0.000000,0.074622,0.000000,0.436422,1.188412
3,0.519324,10.000000,linear,150,50,rastrigin,3,0.000000,0.000000,0.000000,0.555396,1.256303
3,0.539396,4.509793,linear,150,50,rastrigin,3,0.000000,0.596974,0.994957,0.858840,1.381783
3,0.652005,0.952661,linear,150,50,rastrigin,3,0.000042,2.585752,2.984878,2.522773,1.560996
3,0.652005,9.269632,linear,150,50,rastrigin,3,0.000000,0.000000,0.000000,0.298487,1.849927
3,0.788124,1.815127,linear,150,50,rastrigin,3,0.000000,1.218825,0.994961,1.513644,1.198607
3,0.883082,1.559667,linear,150,50,rastrigin,3,0.000000,0.994992,0.994959,1.597384,1.621316
3,0.539396,1.559667,linear,150,50,rastrigin,3,0.000000,2.227348,1.993979,2.411503,0.732189
3,0.730562,0.952661,linear,150,50,rastrigin,3,0.000114,2.431562,2.984876,2.413317,1.721608
3,0.627744,2.194071,linear,150,50,rastrigin,3,0.000000,1.293920,1.989916,1.711231,0.711175
3,0.850222,1.151548,linear,150,50,rastrigin,3,0.000000,1.879114,1.989918,2.029800,1.021758
3,0.850222,3.458402,linear,150,50,rastrigin,3,0.000000,0.522352,0.994957,0.630524,0.807445
3,0.560243,0.652005,linear,150,50,rastrigin,3,0.025991,3.184027,3.415215,3.005790,0.866070
3,0.519324,3.329712,linear,150,50,rastrigin,3,0.000000,1.044705,0.994959,1.415640,0.908283
3,0.818585,7.668648,linear,150,50,rastrigin,3,0.000000,0.000000,0.000000,0.407325,1.456973
3,0.758798,4.024856,linear,150,50,rastrigin,3,0.000000,0.323361,0.000000,0.708030,0.970918
3,0.788124,0.604385,linear,150,50,rastrigin,3,0.000000,2.892539,2.986921,2.842254,0.940026
3,0.604385,4.509793,linear,150,50,rastrigin,3,0.000000,0.435294,0.994957,0.891251,0.950034
3,0.500000,6.844042,linear,150,50,rastrigin,3,0.000000,0.373109,0.497478,0.756364,1.350114
3,0.730562,8.924703,linear,150,50,rastrigin,3,0.000000,0.000000,0.000000,0.284739,1.370856
3,0.818585,2.458424,linear,150,50,rastrigin,3,0.000000,0.721344,0.994957,1.077636,1.578826
3,0.818585,0.818585,linear,150,50,rastrigin,3,0.000000,2.961260,2.987227,2.931248,1.194716
3,0.581895,0.989480,linear,150,50,rastrigin,3,0.000000,2.988975,3.979832,3.182022,1.143031
3,0.677205,1.391957,linear,150,50,rastrigin,3,0.000000,1.941201,1.989920,2.306277,1.315502
3,0.560243,6.589370,linear,150,50,rastrigin,3,0.000000,0.323361,0.000000,0.553879,1.325522
3,0.581895,3.086521,linear,150,50,rastrigin,3,0.000000,0.895503,0.994957,1.373752,1.237927
3,0.627744,0.677205,linear,150,50,rastrigin,3,0.000481,2.939591,3.018424,2.721998,1.251695
3,0.581895,9.627893,linear,150,50,rastrigin,3,0.000000,0.000000,0.000000,0.444958,1.022428
3,0.703378,0.703378,linear,150,50,rastrigin,3,0.000046,3.148662,3.982628,3.038738,0.907236
3,0.500000,2.194071,linear,150,50,rastrigin,3,0.000000,1.455564,1.989916,1.908832,0.869404
3,0.560243,2.194071,linear,150,50,rastrigin,3,0.000000,1.654123,1.989918,1.863094,0.882243
3,0.917212,0.730562,linear,150,50,rastrigin,3,0.000000,2.381289,2.022662,2.389151,0.827839
3,0.788124,5.661988,linear,150,50,rastrigin,3,0.000000,0.211428,0.000000,0.503020,1.066933
3,0.604385,1.445755,linear,150,50,rastrigin,3,0.000000,1.977795,1.989942,1.959824,0.955507
3,0.519324,1.067443,linear,150,50,rastrigin,3,0.000008,2.555964,2.984908,2.690686,1.055016
3,0.627744,6.844042,linear,150,50,rastrigin,3,0.000000,0.198991,0.000000,0.630759,1.121551
3,0.758798,1.391957,linear,150,50,rastrigin,3,0.000000,1.730382,1.989918,2.030185,0.868437
3,0.703378,2.112428,linear,150,50,rastrigin,3,0.000000,1.405378,1.989916,2.238343,1.163100
3,0.652005,3.086521,linear,150,50,rastrigin,3,0.000000,0.907898,0.994957,0.907323,1.363612
3,0.917212,7.108555,linear,150,50,rastrigin,3,0.000000,0.000000,0.000000,0.341634,1.123320
3,0.730562,2.971669,linear,150,50,rastrigin,3,0.000000,0.758655,0.994957,1.363164,1.668624
3,0.703378,6.844042,linear,150,50,rastrigin,3,0.000000,0.012437,0.000000,0.463590,1.026413
3,0.883082,5.053156,linear,150,50,rastrigin,3,0.000000,0.099496,0.000000,0.446735,1.601404
3,0.539396,0.500000,linear,150,50,rastrigin,3,0.000500,3.672361,4.978973,3.655371,1.050691
3,0.850222,1.196054,linear,150,50,rastrigin,3,0.000000,1.928190,1.989918,2.153495,0.816070
3,0.677205,4.684091,linear,150,50,rastrigin,3,0.000000,0.323361,0.000000,0.772999,1.801270
3,0.788124,1.885279,linear,150,50,rastrigin,3,0.000000,1.144201,0.994959,1.702365,0.980261
3,0.500000,0.730562,linear,150,50,rastrigin,3,0.002190,3.407174,3.984168,3.057270,1.949100
3,0.883082,0.519324,linear,150,50,rastrigin,3,0.000055,3.232308,3.979953,3.303215,2.093796
3,0.627744,2.278869,linear,150,50,rastrigin,3,0.000000,1.119497,0.994959,1.483117,1.217959
3,0.652005,0.989480,linear,150,50,rastrigin,3,0.009098,2.574837,2.984877,2.749016,1.295386
3,0.818585,2.553439,linear,150,50,rastrigin,3,0.000000,0.870588,0.994957,1.295586,1.839887
3,0.519324,3.458402,linear,150,50,rastrigin,3,0.000000,0.920336,0.994957,1.777051,1.033829
3,0.818585,7.965033,linear,150,50,rastrigin,3,0.000000,0.000000,0.000000,0.236289,1.084344
3,0.883082,1.619947,linear,150,50,rastrigin,3,0.000000,1.156638,0.994959,1.719177,1.419976
3,0.539396,4.684091,linear,150,50,rastrigin,3,0.000000,0.522352,0.994957,0.929687,1.515982
3,0.539396,1.619947,linear,150,50,rastrigin,3,0.000000,1.866942,1.989918,2.414504,1.590797
3,0.560243,0.677205,linear,150,50,rastrigin,3,0.075085,3.208951,4.120106,2.738827,1.332336
3,0.652005,9.627893,linear,150,50,rastrigin,3,0.000000,0.000000,0.000000,0.345237,1.683602
3,0.730562,0.989480,linear,150,50,rastrigin,3,0.000000,2.398903,2.000281,2.530900,1.636849
3,0.850222,3.592065,linear,150,50,rastrigin,3,0.000000,0.559663,0.994957,0.936318,1.531236
3,0.703378,0.730562,linear,150,50,rastrigin,3,0.000004,2.601152,2.999326,2.930238,0.848433
3,0.818585,0.850222,linear,150,50,rastrigin,3,0.000000,2.591257,2.984875,2.741080,1.122264
3,0.917212,2.278869,linear,150,50,rastrigin,3,0.000000,0.646722,0.994957,1.056484,1.117009
3,0.604385,4.684091,linear,150,50,rastrigin,3,0.000000,0.497478,0.994957,1.128959,1.425493
3,0.758798,4.180412,linear,150,50,rastrigin,3,0.000000,0.397983,0.994957,0.656672,1.776940
3,0.627744,0.703378,linear,150,50,rastrigin,3,0.000002,2.932456,3.564858,2.749873,1.158718
3,0.788124,0.627744,linear,150,50,rastrigin,3,0.001657,2.504956,2.984878,2.785368,1.784542
3,0.581895,1.027723,linear,150,50,rastrigin,3,0.000061,2.846920,2.991045,2.415845,1.219089
3,0.677205,1.445755,linear,150,50,rastrigin,3,0.000000,1.841013,1.989918,2.215420,1.320465
3,0.500000,7.108555,linear,150,50,rastrigin,3,0.000000,0.286050,0.000000,0.652361,1.521245
3,0.917212,0.758798,linear,150,50,rastrigin,3,0.000000,2.259666,1.991325,2.599830,0.981421
3,0.500000,2.278869,linear,150,50,rastrigin,3,0.000000,1.591941,1.989916,1.834906,1.051523
3,0.560243,2.278869,linear,150,50,rastrigin,3,0.000000,1.318849,1.989914,1.876612,1.213781
3,0.560243,6.844042,linear,150,50,rastrigin,3,0.000000,0.310924,0.000000,0.636384,1.581036
3,0.581895,3.205812,linear,150,50,rastrigin,3,0.000000,1.082016,0.994957,1.517401,1.651268
3,0.539396,0.519324,linear,150,50,rastrigin,3,0.000011,3.498170,4.975405,3.459721,0.772492
3,0.730562,9.269632,linear,150,50,rastrigin,3,0.000000,0.000000,0.000000,0.253860,1.951134
3,0.604385,1.501631,linear,150,50,rastrigin,3,0.000000,2.126859,1.990017,2.231455,1.490391
3,0.788124,5.880818,linear,150,50,rastrigin,3,0.000000,0.161681,0.000000,0.514596,1.495103
3,0.758798,1.445755,linear,150,50,rastrigin,3,0.000000,1.480058,1.989918,1.736999,1.151321
3,0.850222,1.242280,linear,150,50,rastrigin,3,0.000000,1.654912,1.989918,2.396197,0.891113
3,0.627744,7.108555,linear,150,50,rastrigin,3,0.000000,0.037311,0.000000,0.447620,1.252641
3,0.519324,1.108698,linear,150,50,rastrigin,3,0.000000,2.664269,2.985620,2.541807,1.558392
3,0.581895,10.000000,linear,150,50,rastrigin,3,0.000000,0.000000,0.000000,0.298487,1.980021
3,0.917212,7.383293,linear,150,50,rastrigin,3,0.000000,0.000000,0.000000,0.298487,1.131890
3,0.703378,7.108555,linear,150,50,rastrigin,3,0.000000,0.000000,0.000000,0.484474,1.112484
3,0.703378,2.194071,linear,150,50,rastrigin,3,0.000000,1.206386,0.994959,1.839893,1.478179
3,0.627744,2.366945,linear,150,50,rastrigin,3,0.000000,1.119328,0.994959,1.637181,0.856014
3,0.652005,3.205812,linear,150,50,rastrigin,3,0.000000,0.758655,0.994957,1.134906,1.399906
3,0.730562,3.086521,linear,150,50,rastrigin,3,0.000000,0.783529,0.994957,1.326544,1.449969
3,0.788124,1.958143,linear,150,50,rastrigin,3,0.000000,1.032583,0.994959,1.715705,1.178072
3,0.500000,0.758798,linear,150,50,rastrigin,3,0.000210,3.186797,4.003430,2.898777,1.267019
3,0.539396,1.682556,linear,150,50,rastrigin,3,0.000000,1.879882,1.989918,1.825788,0.829716
3,0.883082,5.248456,linear,150,50,rastrigin,3,0.000000,0.000000,0.000000,0.430944,1.810595
3,0.818585,2.652127,linear,150,50,rastrigin,3,0.000000,0.795966,0.994957,1.198749,1.106991
3,0.703378,0.758798,linear,150,50,rastrigin,3,0.000027,2.515563,2.985022,2.800282,0.998881
3,0.917212,2.366945,linear,150,50,rastrigin,3,0.000000,0.596974,0.994957,1.352374,1.009708
3,0.627744,0.730562,linear,150,50,rastrigin,3,0.000103,3.018827,3.993967,2.830226,0.951119
3,0.652005,10.000000,linear,150,50,rastrigin,3,0.000000,0.000000,0.000000,0.329990,1.293551
3,0.818585,0.883082,linear,150,50,rastrigin,3,0.000000,2.314659,1.990779,2.547815,1.245224
3,0.677205,4.865126,linear,150,50,rastrigin,3,0.000000,0.310924,0.000000,0.665581,1.878548
3,0.539396,4.865126,linear,150,50,rastrigin,3,0.000000,0.472605,0.994957,0.886518,1.353061
3,0.560243,0.703378,linear,150,50,rastrigin,3,0.002573,3.182356,4.021819,3.034778,1.385284
3,0.604385,4.865126,linear,150,50,rastrigin,3,0.000000,0.472605,0.994957,0.781596,1.258383
3,0.627744,7.383293,linear,150,50,rastrigin,3,0.000000,0.136807,0.000000,0.551731,1.465000
3,0.883082,1.682556,linear,150,50,rastrigin,3,0.000000,0.945223,0.994958,1.873979,1.508066
3,0.581895,1.067443,linear,150,50,rastrigin,3,0.000002,2.814596,2.997599,2.532076,1.101272
3,0.519324,3.592065,linear,150,50,rastrigin,3,0.000000,1.032268,0.994958,1.246520,1.690935
3,0.818585,8.272873,linear,150,50,rastrigin,3,0.000000,0.000000,0.000000,0.311312,1.734357
3,0.652005,1.027723,linear,150,50,rastrigin,3,0.066738,2.605569,2.082529,2.632508,1.984258
3,0.788124,0.652005,linear,150,50,rastrigin,3,0.000000,3.195132,3.988729,3.220198,1.423023
3,0.730562,1.027723,linear,150,50,rastrigin,3,0.000000,2.258741,2.013172,2.247303,1.847487
3,0.677205,1.501631,linear,150,50,rastrigin,3,0.000000,2.178197,1.989918,1.948992,1.502582
3,0.883082,0.539396,linear,150,50,rastrigin,3,0.000061,2.832449,2.993946,3.047881,2.479416
3,0.758798,4.341980,linear,150,50,rastrigin,3,0.000000,0.360672,0.000000,0.731142,1.623691
3,0.917212,0.788124,linear,150,50,rastrigin,3,0.000008,2.625458,2.984877,2.575826,1.556936
3,0.560243,2.366945,linear,150,50,rastrigin,3,0.000000,1.231261,1.989916,2.021381,1.068956
3,0.500000,2.366945,linear,150,50,rastrigin,3,0.000000,1.579524,1.989916,1.833947,1.367686
3,0.500000,7.383293,linear,150,50,rastrigin,3,0.000000,0.286050,0.000000,0.552537,1.660495
3,0.952661,1.067443,linear,150,50,rastrigin,3,0.000000,1.803661,1.989918,1.759948,1.336203
3,0.539396,0.539396,linear,150,50,rastrigin,3,0.026836,4.119258,5.024137,3.561065,1.086437
3,0.560243,7.108555,linear,150,50,rastrigin,3,0.000000,0.310924,0.000000,0.588625,1.142243
3,0.581895,3.329712,linear,150,50,rastrigin,3,0.000000,0.733781,0.994957,1.155008,1.145985
3,0.604385,1.559667,linear,150,50,rastrigin,3,0.000000,1.830573,1.989918,2.110660,1.249531
3,0.758798,1.501631,linear,150,50,rastrigin,3,0.000000,1.766476,1.989918,2.042695,1.046829
3,0.730562,9.627893,linear,150,50,rastrigin,3,0.000000,0.000000,0.000000,0.284739,1.432284
3,0.788124,6.108104,linear,150,50,rastrigin,3,0.000000,0.186554,0.000000,0.540950,1.410341
3,0.703378,2.278869,linear,150,50,rastrigin,3,0.000000,0.982521,0.994957,1.476967,0.866281
3,0.703378,7.383293,linear,150,50,rastrigin,3,0.000000,0.062185,0.000000,0.430829,0.977886
3,0.850222,1.290293,linear,150,50,rastrigin,3,0.000000,1.754087,1.989918,1.858487,1.263771
3,0.917212,7.668648,linear,150,50,rastrigin,3,0.000000,0.000000,0.000000,0.382121,0.995525
3,0.604385,0.500000,linear,150,50,rastrigin,3,0.011467,3.870769,4.978344,3.310833,1.028000
3,0.519324,1.151548,linear,150,50,rastrigin,3,0.000004,2.697191,2.984910,2.550162,1.299381
3,0.627744,2.458424,linear,150,50,rastrigin,3,0.000000,1.019833,0.994959,1.767862,1.287050
3,0.850222,3.730894,linear,150,50,rastrigin,3,0.000000,0.547226,0.994957,0.808981,1.402219
3,0.652005,3.329712,linear,150,50,rastrigin,3,0.000000,0.721344,0.994957,1.080984,1.021931
3,0.500000,0.788124,linear,150,50,rastrigin,3,0.000036,3.545565,4.974936,3.041586,1.016265
3,0.539396,1.747585,linear,150,50,rastrigin,3,0.000000,1.580821,1.989918,1.887633,1.122816
3,0.730562,3.205812,linear,150,50,rastrigin,3,0.000000,0.609411,0.994957,1.324864,1.307757
3,0.703378,0.788124,linear,150,50,rastrigin,3,0.000000,2.871640,2.987192,2.913303,1.312738
3,0.519324,3.730894,linear,150,50,rastrigin,3,0.000000,0.895461,0.994957,1.314362,0.876299
3,0.818585,0.917212,linear,150,50,rastrigin,3,0.000002,2.084046,1.990040,2.740506,1.140720
3,0.818585,8.592609,linear,150,50,rastrigin,3,0.000000,0.000000,0.000000,0.298487,0.969666
3,0.917212,0.818585,linear,150,50,rastrigin,3,0.000008,2.278851,1.993450,2.252809,0.733660
3,0.604385,5.053156,linear,150,50,rastrigin,3,0.000000,0.422857,0.994957,1.001849,1.232681
3,0.917212,2.458424,linear,150,50,rastrigin,3,0.000000,0.746218,0.994957,0.971346,1.626900
3,0.788124,2.033823,linear,150,50,rastrigin,3,0.000000,1.094455,0.994959,1.852732,1.855626
3,0.677205,5.053156,linear,150,50,rastrigin,3,0.000000,0.410420,0.994957,0.794472,1.417833
3,0.883082,5.451302,linear,150,50,rastrigin,3,0.000000,0.099496,0.000000,0.497479,1.913653
3,0.627744,7.668648,linear,150,50,rastrigin,3,0.000000,0.062185,0.000000,0.532000,1.384351
3,0.500000,2.458424,linear,150,50,rastrigin,3,0.000000,1.182073,0.994960,1.543549,1.131206
3,0.952661,1.108698,linear,150,50,rastrigin,3,0.000000,1.467623,1.989916,1.870837,1.141132
3,0.539396,0.560243,linear,150,50,rastrigin,3,0.000116,3.365732,4.497001,3.239079,1.055287
3,0.539396,5.053156,linear,150,50,rastrigin,3,0.000000,0.509915,0.994957,0.911894,1.823665
3,0.560243,0.730562,linear,150,50,rastrigin,3,0.001030,3.117096,3.980223,2.869397,1.838154
3,0.818585,2.754628,linear,150,50,rastrigin,3,0.000000,0.684033,0.994957,0.958212,2.395846
3,0.677205,1.559667,linear,150,50,rastrigin,3,0.000000,1.667232,1.989916,2.303708,1.492744
3,0.703378,2.366945,linear,150,50,rastrigin,3,0.000000,1.293445,0.994959,1.531428,0.990406
3,0.758798,4.509793,linear,150,50,rastrigin,3,0.000000,0.286050,0.000000,0.682108,1.524888
3,0.581895,1.108698,linear,150,50,rastrigin,3,0.000029,2.156812,1.991083,2.443495,1.980725
3,0.788124,0.677205,linear,150,50,rastrigin,3,0.000000,3.282602,3.989517,2.711572,1.556665
3,0.560243,2.458424,linear,150,50,rastrigin,3,0.000000,1.455128,1.989916,1.833826,1.553769
3,0.818585,8.924703,linear,150,50,rastrigin,3,0.000000,0.000000,0.000000,0.258498,0.912119
3,0.703378,7.668648,linear,150,50,rastrigin,3,0.000000,0.000000,0.000000,0.397983,0.860352
3,0.850222,1.340161,linear,150,50,rastrigin,3,0.000000,1.803366,1.989917,2.028248,0.840342
3,0.627744,0.758798,linear,150,50,rastrigin,3,0.994959,3.085485,3.979840,2.413350,2.368797
3,0.917212,7.965033,linear,150,50,rastrigin,3,0.000000,0.000000,0.000000,0.194971,0.842040
3,0.652005,1.067443,linear,150,50,rastrigin,3,0.000000,2.538815,2.984876,2.108927,1.736135
3,0.883082,1.747585,linear,150,50,rastrigin,3,0.000000,1.094459,0.994959,1.746820,2.116711
3,0.560243,7.383293,linear,150,50,rastrigin,3,0.000000,0.087059,0.000000,0.539392,1.249934
3,0.677205,0.500000,linear,150,50,rastrigin,3,0.004978,3.398494,4.974820,3.012063,2.311573
3,0.581895,3.458402,linear,150,50,rastrigin,3,0.000000,0.783529,0.994957,1.291875,1.291263
3,0.883082,0.560243,linear,150,50,rastrigin,3,0.000004,3.251510,4.513700,3.265728,1.764878
3,0.952661,3.329712,linear,150,50,rastrigin,3,0.000000,0.385546,0.994957,0.762621,1.771840
3,0.604385,1.619947,linear,150,50,rastrigin,3,0.000000,1.844740,1.989920,2.210488,1.343801
3,0.730562,1.067443,linear,150,50,rastrigin,3,0.000000,2.580545,2.984877,2.609539,1.985203
3,0.758798,1.559667,linear,150,50,rastrigin,3,0.000000,1.643091,1.989916,2.060517,1.505833
3,0.500000,7.668648,linear,150,50,rastrigin,3,0.000000,0.223865,0.000000,0.565990,1.881131
3,0.604385,0.519324,linear,150,50,rastrigin,3,0.996269,4.001360,5.014485,3.099282,1.001905
3,0.730562,10.000000,linear,150,50,rastrigin,3,0.000000,0.000000,0.000000,0.253860,1.727784
3,0.989480,0.500000,linear,150,50,rastrigin,3,0.000002,3.043042,3.985080,2.499275,1.634172
3,0.788124,6.344175,linear,150,50,rastrigin,3,0.000000,0.012437,0.000000,0.463590,1.744899
3,0.519324,1.196054,linear,150,50,rastrigin,3,0.000004,2.835863,2.985806,3.185523,1.003343
3,0.627744,2.553439,linear,150,50,rastrigin,3,0.000000,1.268583,1.989916,1.661627,1.006378
3,0.500000,0.818585,linear,150,50,rastrigin,3,0.000862,3.034279,3.979841,2.494126,0.826155
3,0.703378,0.818585,linear,150,50,rastrigin,3,0.000004,3.062128,3.619896,2.836621,0.757465
3,0.519324,3.875088,linear,150,50,rastrigin,3,0.000000,0.771092,0.994957,1.363346,0.752084
3,0.917212,0.850222,linear,150,50,rastrigin,3,0.000273,2.665016,2.984989,2.276939,0.733315
3,0.652005,3.458402,linear,150,50,rastrigin,3,0.000000,0.771092,0.994957,1.303773,0.897709
3,0.730562,3.329712,linear,150,50,rastrigin,3,0.000000,0.733781,0.994957,1.105433,0.894218
3,0.818585,0.952661,linear,150,50,rastrigin,3,0.000000,2.426376,2.984878,2.449837,0.854182
3,0.539396,1.815127,linear,150,50,rastrigin,3,0.000000,1.530265,1.989918,1.935498,0.954450
3,0.850222,3.875088,linear,150,50,rastrigin,3,0.000000,0.397983,0.994957,0.786206,1.198624
3,0.604385,5.248456,linear,150,50,rastrigin,3,0.000000,0.373109,0.497478,0.739957,1.052354
3,0.917212,2.553439,linear,150,50,rastrigin,3,0.000000,0.621848,0.994957,1.145326,1.006461
3,0.989480,1.559667,linear,150,50,rastrigin,3,0.000000,1.144207,0.994959,1.918912,1.050327
3,0.627744,7.965033,linear,150,50,rastrigin,3,0.000000,0.000000,0.000000,0.373739,0.905533
3,0.788124,2.112428,linear,150,50,rastrigin,3,0.000000,1.181531,0.994961,1.436963,0.950197
3,0.677205,5.248456,linear,150,50,rastrigin,3,0.000000,0.323361,0.000000,0.785701,0.980541
3,0.952661,1.151548,linear,150,50,rastrigin,3,0.000000,1.517334,1.989916,1.642783,0.896438
3,0.703378,7.965033,linear,150,50,rastrigin,3,0.000000,0.000000,0.000000,0.451474,0.793458
3,0.703378,2.458424,linear,150,50,rastrigin,3,0.000000,0.994957,0.994957,1.375022,1.039021
3,0.883082,5.661988,linear,150,50,rastrigin,3,0.000000,0.012437,0.000000,0.435514,1.217754
3,0.850222,1.391957,linear,150,50,rastrigin,3,0.000000,1.554930,1.989916,2.218747,0.927243
3,0.539396,5.248456,linear,150,50,rastrigin,3,0.000000,0.447731,0.994957,0.621669,1.129345
3,0.500000,2.553439,linear,150,50,rastrigin,3,0.000000,1.268572,1.989914,1.625515,1.197488
3,0.818585,9.269632,linear,150,50,rastrigin,3,0.000000,0.000000,0.000000,0.269925,1.152867
3,0.627744,0.788124,linear,150,50,rastrigin,3,0.001007,3.558232,4.974916,2.963261,0.863533
3,0.539396,0.581895,linear,150,50,rastrigin,3,0.000134,3.922498,4.989425,3.095568,1.231223
3,0.581895,1.151548,linear,150,50,rastrigin,3,0.000006,2.579623,2.984885,2.711854,1.197613
3,0.818585,2.861092,linear,150,50,rastrigin,3,0.000000,0.659159,0.994957,0.927981,1.232389
3,0.788124,0.703378,linear,150,50,rastrigin,3,0.994957,2.828885,2.985559,2.894434,1.248237
3,0.560243,2.553439,linear,150,50,rastrigin,3,0.000000,1.169090,0.994960,1.987395,1.248083
3,0.917212,8.272873,linear,150,50,rastrigin,3,0.000000,0.000000,0.000000,0.269925,0.872290
3,0.677205,1.619947,linear,150,50,rastrigin,3,0.000000,1.841068,1.989918,2.146980,1.277720
3,0.560243,0.758798,linear,150,50,rastrigin,3,0.000114,3.581841,4.974998,2.964336,1.305170
3,0.758798,4.684091,linear,150,50,rastrigin,3,0.000000,0.286050,0.000000,0.749527,1.490390
3,0.581895,3.592065,linear,150,50,rastrigin,3,0.000000,0.783529,0.994957,1.171983,0.871626
3,0.952661,1.196054,linear,150,50,rastrigin,3,0.000000,1.592335,1.989916,1.985981,0.874654
3,0.560243,7.668648,linear,150,50,rastrigin,3,0.000000,0.198991,0.000000,0.543050,1.072922
3,0.758798,1.619947,linear,150,50,rastrigin,3,0.000000,1.529790,1.989917,1.845658,1.085836
3,0.500000,7.965033,linear,150,50,rastrigin,3,0.000000,0.161681,0.000000,0.747941,0.914558
3,0.627744,2.652127,linear,150,50,rastrigin,3,0.000000,1.032268,0.994957,1.334876,0.780233
3,0.519324,1.242280,linear,150,50,rastrigin,3,0.000101,2.641811,2.984879,2.171458,0.795509
3,0.604385,1.682556,linear,150,50,rastrigin,3,0.000000,1.741247,1.989918,1.863928,1.164448
3,0.500000,0.850222,linear,150,50,rastrigin,3,0.000179,2.770174,2.985391,2.749292,0.850092
3,0.652005,1.108698,linear,150,50,rastrigin,3,0.000004,2.600687,2.984878,2.401001,1.243777
3,0.703378,0.850222,linear,150,50,rastrigin,3,0.000130,2.686992,2.984921,3.417305,0.860112
3,0.883082,1.815127,linear,150,50,rastrigin,3,0.000000,1.007394,0.994958,1.502979,1.260130
3,0.519324,4.024856,linear,150,50,rastrigin,3,0.000000,0.870588,0.994957,1.204022,0.856212
3,0.604385,0.539396,linear,150,50,rastrigin,3,0.995024,3.980016,4.985058,3.195842,1.097141
3,1.027723,0.730562,linear,150,50,rastrigin,3,0.000000,2.404512,1.999089,2.176624,1.358432
3,0.989480,4.865126,linear,150,50,rastrigin,3,0.000000,0.037311,0.000000,0.418710,1.362681
3,0.758798,0.500000,linear,150,50,rastrigin,3,0.004375,3.414588,4.127572,2.910515,1.046478
3,0.677205,0.519324,linear,150,50,rastrigin,3,0.183258,4.233668,5.020007,3.272851,1.402426
3,0.917212,0.883082,linear,150,50,rastrigin,3,0.000000,2.215942,1.992246,2.571763,0.930126
3,0.883082,0.581895,linear,150,50,rastrigin,3,0.057728,2.907418,3.018363,3.122806,1.459579
3,0.952661,3.458402,linear,150,50,rastrigin,3,0.000000,0.410420,0.994957,0.686160,1.491368
3,0.539396,5.451302,linear,150,50,rastrigin,3,0.000000,0.522352,0.994957,0.796650,1.204005
3,0.500000,2.652127,linear,150,50,rastrigin,3,0.000000,1.380519,1.989916,1.796540,1.287535
3,0.730562,1.108698,linear,150,50,rastrigin,3,0.000000,2.065238,1.989927,2.345748,1.606574
3,0.818585,0.989480,linear,150,50,rastrigin,3,0.000000,2.282988,1.999011,1.737962,0.782414
3,0.989480,0.519324,linear,150,50,rastrigin,3,0.000095,2.617407,2.984908,2.539236,1.406449
3,0.539396,1.885279,linear,150,50,rastrigin,3,0.000000,1.704294,1.989918,2.056919,0.836129
3,0.917212,2.652127,linear,150,50,rastrigin,3,0.000000,0.659159,0.994957,0.988720,0.795539
3,0.730562,3.458402,linear,150,50,rastrigin,3,0.000000,0.547226,0.994957,0.985912,1.087234
3,0.604385,5.451302,linear,150,50,rastrigin,3,0.000000,0.410420,0.994957,0.901851,0.893556
3,0.677205,5.451302,linear,150,50,rastrigin,3,0.000000,0.348235,0.000000,0.635138,0.815422
3,0.627744,8.272873,linear,150,50,rastrigin,3,0.000000,0.000000,0.000000,0.414910,1.035232
3,0.850222,4.024856,linear,150,50,rastrigin,3,0.000000,0.397983,0.994957,0.706630,1.136525
3,0.652005,3.592065,linear,150,50,rastrigin,3,0.000000,0.634285,0.994957,0.994958,1.401916
3,0.703378,8.272873,linear,150,50,rastrigin,3,0.000000,0.024874,0.000000,0.412157,1.225586
3,0.818585,9.627893,linear,150,50,rastrigin,3,0.000000,0.000000,0.000000,0.284739,0.887802
3,0.788124,2.194071,linear,150,50,rastrigin,3,0.000000,1.181512,1.492436,1.513481,1.278173
3,0.627744,0.818585,linear,150,50,rastrigin,3,0.000286,2.953859,3.128109,3.490516,0.870702
3,0.989480,1.619947,linear,150,50,rastrigin,3,0.000000,0.957646,0.994957,1.550474,1.346044
3,0.883082,5.880818,linear,150,50,rastrigin,3,0.000000,0.000000,0.000000,0.414910,0.994059
3,0.539396,0.604385,linear,150,50,rastrigin,3,0.000114,3.504880,4.975290,3.031530,0.853476
3,0.818585,2.971669,linear,150,50,rastrigin,3,0.000000,0.671596,0.994957,0.974652,0.805059
3,0.917212,8.592609,linear,150,50,rastrigin,3,0.000000,0.000000,0.000000,0.284739,0.837445
3,0.952661,1.242280,linear,150,50,rastrigin,3,0.000000,1.567072,1.989916,2.186268,0.796604
3,0.850222,1.445755,linear,150,50,rastrigin,3,0.000000,1.591938,1.989918,1.866838,1.176163
3,0.677205,5.661988,linear,150,50,rastrigin,3,0.000000,0.136807,0.000000,0.508402,0.972107
3,0.677205,1.682556,linear,150,50,rastrigin,3,0.000000,1.928834,1.989919,2.214906,1.195168
3,0.703378,2.553439,linear,150,50,rastrigin,3,0.000000,1.019831,0.994958,1.572253,1.698775
3,0.519324,1.290293,linear,150,50,rastrigin,3,0.000000,2.540490,2.984932,2.388860,0.886514
3,1.027723,2.278869,linear,150,50,rastrigin,3,0.000000,0.609411,0.994957,0.969305,1.897924
3,0.500000,0.883082,linear,150,50,rastrigin,3,0.001606,2.885511,3.026630,2.737654,0.771981
3,0.703378,0.883082,linear,150,50,rastrigin,3,0.000118,2.832350,2.984962,2.578930,0.831878
3,0.519324,4.180412,linear,150,50,rastrigin,3,0.000000,0.746218,0.994957,0.965622,0.825318
3,0.581895,1.196054,linear,150,50,rastrigin,3,0.000000,2.608525,2.984891,2.559915,1.712932
3,0.917212,0.917212,linear,150,50,rastrigin,3,0.000000,2.264917,1.991424,2.224299,0.861397
3,0.952661,1.290293,linear,150,50,rastrigin,3,0.000000,1.544523,1.989916,1.786901,0.886781
3,0.560243,2.652127,linear,150,50,rastrigin,3,0.000000,1.144201,0.994959,1.704371,1.849920
3,0.627744,2.754628,linear,150,50,rastrigin,3,0.000000,0.982520,0.994959,1.943886,1.518634
3,0.500000,8.272873,linear,150,50,rastrigin,3,0.000000,0.211428,0.000000,0.601188,1.522075
3,0.560243,0.788124,linear,150,50,rastrigin,3,0.000000,3.146346,3.989021,2.981972,1.760946
3,0.788124,0.730562,linear,150,50,rastrigin,3,0.000000,2.659530,2.986541,2.885410,1.901589
3,0.788124,6.589370,linear,150,50,rastrigin,3,0.000000,0.037311,0.000000,0.447620,2.099117
3,0.758798,4.865126,linear,150,50,rastrigin,3,0.000000,0.335798,0.000000,0.735461,1.811421
3,0.581895,3.730894,linear,150,50,rastrigin,3,0.000000,0.907898,0.994957,1.661786,1.810416
3,0.652005,1.151548,linear,150,50,rastrigin,3,0.000000,2.627879,2.984879,2.558411,1.151267
3,0.604385,1.747585,linear,150,50,rastrigin,3,0.000000,1.691550,1.989918,1.829186,1.163481
3,0.818585,1.027723,linear,150,50,rastrigin,3,0.000000,2.350884,2.984875,2.174072,0.775613
3,0.883082,1.885279,linear,150,50,rastrigin,3,0.000000,1.106890,0.994957,1.536363,1.143256
3,1.027723,7.108555,linear,150,50,rastrigin,3,0.000000,0.000000,0.000000,0.258498,2.195514
3,0.560243,7.965033,linear,150,50,rastrigin,3,0.000000,0.111933,0.000000,0.501344,1.789324
3,0.730562,1.151548,linear,150,50,rastrigin,3,0.000000,2.194351,1.989925,2.651135,1.112043
3,0.677205,0.539396,linear,150,50,rastrigin,3,0.995098,3.365815,4.032848,3.034025,1.281948
3,0.952661,3.592065,linear,150,50,rastrigin,3,0.000000,0.397983,0.994957,0.661404,1.276466
3,0.604385,0.560243,linear,150,50,rastrigin,3,0.028168,3.364992,4.035949,3.386773,1.335278
3,0.883082,0.604385,linear,150,50,rastrigin,3,0.000000,3.356800,3.979937,2.922760,1.391217
3,0.758798,0.519324,linear,150,50,rastrigin,3,0.001633,3.202005,3.981421,2.914284,1.426228
3,0.500000,2.754628,linear,150,50,rastrigin,3,0.000000,1.268956,1.989916,1.728583,1.323961
3,1.067443,3.329712,linear,150,50,rastrigin,3,0.000000,0.410420,0.994957,0.567301,0.887609
3,0.539396,1.958143,linear,150,50,rastrigin,3,0.000000,1.866050,1.989918,2.218532,0.842156
3,1.067443,1.067443,linear,150,50,rastrigin,3,0.000000,1.704104,1.989918,1.831029,1.596554
3,0.989480,0.539396,linear,150,50,rastrigin,3,0.000025,2.381984,2.008676,2.361542,1.054841
3,0.989480,5.053156,linear,150,50,rastrigin,3,0.000000,0.049748,0.000000,0.424929,1.637484
3,1.027723,0.758798,linear,150,50,rastrigin,3,0.000000,2.207371,1.991993,2.332538,1.650229
3,0.917212,2.754628,linear,150,50,rastrigin,3,0.000000,0.572100,0.994957,1.206281,0.918743
3,0.604385,5.661988,linear,150,50,rastrigin,3,0.000000,0.310924,0.000000,0.695332,0.923919
3,0.730562,3.592065,linear,150,50,rastrigin,3,0.000000,0.497478,0.994957,0.987768,1.028915
3,0.703378,8.592609,linear,150,50,rastrigin,3,0.000000,0.000000,0.000000,0.345237,0.811037
3,0.758798,1.682556,linear,150,50,rastrigin,3,0.000000,1.305968,0.994984,1.947883,0.973383
3,0.627744,8.592609,linear,150,50,rastrigin,3,0.000000,0.000000,0.000000,0.414910,0.976787
3,0.818585,10.000000,linear,150,50,rastrigin,3,0.000000,0.000000,0.000000,0.298487,0.870053
3,0.850222,4.180412,linear,150,50,rastrigin,3,0.000000,0.286050,0.000000,0.682036,0.961226
3,0.652005,3.730894,linear,150,50,rastrigin,3,0.000000,0.771092,0.994957,1.154280,1.028788
3,0.627744,0.850222,linear,150,50,rastrigin,3,0.000006,3.123633,3.992282,2.748307,0.870047
3,0.788124,2.278869,linear,150,50,rastrigin,3,0.000000,0.957646,0.994957,1.682949,0.885428
3,0.539396,0.627744,linear,150,50,rastrigin,3,0.004324,3.059095,3.985177,3.115086,0.959287
3,0.703378,2.652127,linear,150,50,rastrigin,3,0.000000,0.970083,0.994957,1.269926,0.821400
3,0.818585,3.086521,linear,150,50,rastrigin,3,0.000000,0.485042,0.994957,1.127907,1.002757
3,0.677205,1.747585,linear,150,50,rastrigin,3,0.000000,1.554988,1.989918,1.984238,0.905231
3,0.519324,1.340161,linear,150,50,rastrigin,3,0.000000,2.366099,2.011283,2.427897,0.936253
3,0.883082,6.108104,linear,150,50,rastrigin,3,0.000000,0.012437,0.000000,0.435514,1.124715
3,0.519324,4.341980,linear,150,50,rastrigin,3,0.000000,0.733781,0.994957,1.267312,0.778220
3,0.539396,5.661988,linear,150,50,rastrigin,3,0.000000,0.422857,0.994957,0.690116,1.157063
3,0.677205,5.880818,linear,150,50,rastrigin,3,0.000000,0.174117,0.000000,0.558950,1.157171
3,0.730562,3.730894,linear,150,50,rastrigin,3,0.000000,0.534789,0.994957,0.897174,0.902817
3,0.850222,1.501631,linear,150,50,rastrigin,3,0.000000,1.504874,1.989916,1.709359,1.245239
3,0.627744,2.861092,linear,150,50,rastrigin,3,0.000000,1.131764,0.994959,1.220031,0.781338
3,0.989480,1.682556,linear,150,50,rastrigin,3,0.000000,1.044705,0.994957,1.326656,1.501447
3,0.952661,1.340161,linear,150,50,rastrigin,3,0.000000,1.616826,1.989916,1.991174,0.950958
3,1.027723,2.366945,linear,150,50,rastrigin,3,0.000000,0.646722,0.994957,1.083134,1.280310
3,0.917212,8.924703,linear,150,50,rastrigin,3,0.000000,0.000000,0.000000,0.298487,1.509393
3,0.560243,0.818585,linear,150,50,rastrigin,3,0.035967,3.102263,3.545183,3.066810,0.923644
3,0.500000,8.592609,linear,150,50,rastrigin,3,0.000000,0.111933,0.000000,0.477165,0.927863
3,0.917212,0.952661,linear,150,50,rastrigin,3,0.000000,2.189103,1.990622,2.595197,1.148863
3,0.560243,2.754628,linear,150,50,rastrigin,3,0.000000,1.069592,0.994957,1.501557,0.997988
3,0.581895,1.242280,linear,150,50,rastrigin,3,0.000000,2.261443,2.347680,2.487587,1.249033
3,0.500000,0.917212,linear,150,50,rastrigin,3,0.000034,2.687521,3.005798,2.839993,1.534072
3,0.652005,1.196054,linear,150,50,rastrigin,3,0.000000,2.005388,1.990057,2.309353,1.115252
3,0.818585,1.067443,linear,150,50,rastrigin,3,0.000000,2.310161,1.990073,2.447870,0.804420
3,0.788124,6.844042,linear,150,50,rastrigin,3,0.000000,0.000000,0.000000,0.399349,1.156816
3,0.788124,0.758798,linear,150,50,rastrigin,3,0.000488,2.689525,2.985339,2.540036,1.160180
3,0.581895,3.875088,linear,150,50,rastrigin,3,0.000000,0.684033,0.994957,1.165885,1.205072
3,0.604385,1.815127,linear,150,50,rastrigin,3,0.000000,1.866495,1.989918,2.014707,0.994414
3,1.108698,0.500000,linear,150,50,rastrigin,3,0.000004,2.645468,2.985646,2.495044,0.856136
3,0.883082,1.958143,linear,150,50,rastrigin,3,0.000000,1.256133,1.989914,1.502979,0.924737
3,0.758798,5.053156,linear,150,50,rastrigin,3,0.000000,0.286050,0.000000,0.652361,1.517884
3,0.952661,3.730894,linear,150,50,rastrigin,3,0.000000,0.373109,0.497478,0.570172,0.943088
3,0.677205,0.560243,linear,150,50,rastrigin,3,0.026163,3.454232,4.974823,3.246167,0.945094
3,0.883082,0.627744,linear,150,50,rastrigin,3,0.000000,3.092948,3.979833,2.933649,0.951728
3,1.067443,3.458402,linear,150,50,rastrigin,3,0.000000,0.310924,0.000000,0.621032,0.814023
3,0.758798,0.539396,linear,150,50,rastrigin,3,0.000000,3.089655,3.985914,2.521736,1.002475
3,0.539396,2.033823,linear,150,50,rastrigin,3,0.000000,1.330895,1.989916,1.844753,0.798597
3,0.560243,8.272873,linear,150,50,rastrigin,3,0.000000,0.099496,0.000000,0.472893,1.023236
3,0.917212,2.861092,linear,150,50,rastrigin,3,0.000000,0.584537,0.994957,1.066927,0.752628
3,0.730562,1.196054,linear,150,50,rastrigin,3,0.000000,2.190459,1.990133,2.893389,1.167761
3,0.604385,5.880818,linear,150,50,rastrigin,3,0.000000,0.174117,0.000000,0.707120,0.809234
3,0.604385,0.581895,linear,150,50,rastrigin,3,0.000824,3.328868,3.999065,3.203157,1.228866
3,0.703378,0.917212,linear,150,50,rastrigin,3,0.000000,2.660241,2.984878,2.721360,0.800499
3,1.067443,1.108698,linear,150,50,rastrigin,3,0.000000,1.505106,1.989916,1.761260,1.051235
3,0.627744,8.924703,linear,150,50,rastrigin,3,0.000000,0.012437,0.000000,0.405254,0.825909
3,1.027723,7.383293,linear,150,50,rastrigin,3,0.000000,0.000000,0.000000,0.323323,1.432280
3,0.703378,8.924703,linear,150,50,rastrigin,3,0.000000,0.000000,0.000000,0.355271,1.004797
3,1.027723,0.788124,linear,150,50,rastrigin,3,0.000000,2.068223,1.990039,2.334483,1.104480
3,0.989480,0.560243,linear,150,50,rastrigin,3,0.000053,2.733358,2.985098,2.364143,1.146510
3,0.989480,5.248456,linear,150,50,rastrigin,3,0.000000,0.024874,0.000000,0.469215,1.149530
3,0.758798,1.747585,linear,150,50,rastrigin,3,0.000000,1.604370,1.989916,1.895752,1.158011
3,0.850222,0.500000,linear,150,50,rastrigin,3,0.001171,3.378318,4.014385,2.832707,1.175468
3,0.500000,2.861092,linear,150,50,rastrigin,3,0.000000,1.206386,0.994960,1.661907,1.594711
3,0.539396,0.652005,linear,150,50,rastrigin,3,0.004379,3.257384,4.025576,3.261555,0.824909
3,0.627744,0.883082,linear,150,50,rastrigin,3,0.000170,2.644595,2.984942,2.868366,0.865526
3,0.788124,2.366945,linear,150,50,rastrigin,3,0.000000,0.957646,0.994957,1.338246,0.888338
3,0.703378,2.754628,linear,150,50,rastrigin,3,0.000000,0.920335,0.994957,1.329340,0.917339
3,0.818585,3.205812,linear,150,50,rastrigin,3,0.000000,0.596974,0.994957,0.800616,0.911717
3,0.519324,1.391957,linear,150,50,rastrigin,3,0.000000,2.699472,2.985023,2.732618,0.803308
3,0.519324,4.509793,linear,150,50,rastrigin,3,0.000000,0.696470,0.994957,1.038766,0.827111
3,0.850222,4.341980,linear,150,50,rastrigin,3,0.000000,0.248739,0.000000,0.586519,1.174578
3,0.652005,3.875088,linear,150,50,rastrigin,3,0.000000,0.509915,0.994957,0.936318,1.120932
3,1.108698,1.559667,linear,150,50,rastrigin,3,0.000000,1.169075,0.994959,1.758881,0.819179
3,0.850222,1.559667,linear,150,50,rastrigin,3,0.000000,1.504877,1.989916,1.792999,0.823074
3,0.677205,1.815127,linear,150,50,rastrigin,3,0.000000,1.430459,1.989916,2.045763,1.015869
3,0.627744,2.971669,linear,150,50,rastrigin,3,0.000000,0.895461,0.994957,1.765171,0.863180
3,0.677205,6.108104,linear,150,50,rastrigin,3,0.000000,0.198991,0.000000,0.562833,1.008182
3,0.952661,1.391957,linear,150,50,rastrigin,3,0.000000,1.193950,0.994959,1.578788,0.764233
3,0.883082,6.344175,linear,150,50,rastrigin,3,0.000000,0.000000,0.000000,0.438120,1.130525
3,0.730562,3.875088,linear,150,50,rastrigin,3,0.000000,0.485042,0.994957,0.904208,1.158263
3,0.989480,1.747585,linear,150,50,rastrigin,3,0.000000,1.069579,0.994957,1.326656,1.042039
3,0.539396,5.880818,linear,150,50,rastrigin,3,0.000000,0.435294,0.994957,0.637394,1.357660
3,0.917212,9.269632,linear,150,50,rastrigin,3,0.000000,0.000000,0.000000,0.311312,0.881615
3,0.917212,0.989480,linear,150,50,rastrigin,3,0.000000,1.754675,1.989918,2.127010,0.832559
3,0.500000,0.952661,linear,150,50,rastrigin,3,0.000004,3.070696,3.207334,3.295296,0.811805
3,0.818585,1.108698,linear,150,50,rastrigin,3,0.000000,1.865798,1.989918,2.087282,0.805615
3,0.560243,0.850222,linear,150,50,rastrigin,3,0.000494,3.047104,3.025893,2.646973,0.951498
3,0.652005,1.242280,linear,150,50,rastrigin,3,0.000000,2.487743,2.984878,2.454107,0.842172
3,0.500000,8.924703,linear,150,50,rastrigin,3,0.000000,0.124370,0.000000,0.581092,0.927441
3,1.108698,0.519324,linear,150,50,rastrigin,3,0.081127,3.254085,3.980103,2.431193,0.802546
3,0.883082,2.033823,linear,150,50,rastrigin,3,0.000000,0.858150,0.994957,1.192954,0.911789
3,0.952661,3.875088,linear,150,50,rastrigin,3,0.000000,0.261176,0.000000,0.763982,0.952116
3,0.677205,0.581895,linear,150,50,rastrigin,3,0.005829,3.174205,3.986006,2.887947,0.977088
3,0.883082,0.652005,linear,150,50,rastrigin,3,0.000031,2.768932,2.985720,2.390568,0.916718
3,0.581895,1.290293,linear,150,50,rastrigin,3,0.000000,2.390999,1.994641,2.558932,1.492962
3,0.581895,4.024856,linear,150,50,rastrigin,3,0.000000,0.746218,0.994957,0.989970,1.287116
3,1.067443,3.592065,linear,150,50,rastrigin,3,0.000000,0.198991,0.000000,0.543050,0.916082
3,0.560243,2.861092,linear,150,50,rastrigin,3,0.000000,1.131803,0.994959,1.286946,1.616018
3,0.604385,6.108104,linear,150,50,rastrigin,3,0.000000,0.310924,0.000000,0.799936,0.759017
3,0.703378,0.952661,linear,150,50,rastrigin,3,0.000000,2.228754,1.990299,2.360229,0.761973
3,0.539396,2.112428,linear,150,50,rastrigin,3,0.000000,1.616998,1.989918,2.112867,0.931366
3,0.917212,2.971669,linear,150,50,rastrigin,3,0.000000,0.534789,0.994957,0.821126,0.838490
3,0.604385,1.885279,linear,150,50,rastrigin,3,0.000000,1.679028,1.989918,1.768671,1.424320
3,0.788124,0.788124,linear,150,50,rastrigin,3,0.000002,2.495753,2.532748,2.730935,1.447473
3,1.027723,2.458424,linear,150,50,rastrigin,3,0.000000,0.460168,0.994957,0.797457,1.871851
3,0.788124,7.108555,linear,150,50,rastrigin,3,0.000000,0.000000,0.000000,0.373739,1.499299
3,0.627744,9.269632,linear,150,50,rastrigin,3,0.000000,0.000000,0.000000,0.355271,0.831757
3,0.730562,1.242280,linear,150,50,rastrigin,3,0.000000,1.766835,1.989918,2.177535,0.905274
3,0.703378,9.269632,linear,150,50,rastrigin,3,0.000000,0.000000,0.000000,0.269925,0.965937
3,0.758798,0.560243,linear,150,50,rastrigin,3,0.002857,3.036529,3.076704,3.389892,1.235096
3,0.989480,0.581895,linear,150,50,rastrigin,3,0.000000,2.687182,2.985766,2.998267,0.977056
3,0.604385,0.604385,linear,150,50,rastrigin,3,0.000082,3.852474,4.979891,3.305496,1.083615
3,0.560243,8.592609,linear,150,50,rastrigin,3,0.000000,0.149244,0.000000,0.511605,1.216012
3,0.758798,5.248456,linear,150,50,rastrigin,3,0.000000,0.136807,0.000000,0.673271,1.670628
3,1.067443,1.151548,linear,150,50,rastrigin,3,0.000000,1.517391,1.989916,2.244368,1.270698
3,1.027723,0.818585,linear,150,50,rastrigin,3,0.000000,2.040559,1.989923,2.301093,1.252996
3,1.027723,7.668648,linear,150,50,rastrigin,3,0.000000,0.000000,0.000000,0.323323,1.362192
3,0.758798,1.815127,linear,150,50,rastrigin,3,0.000000,1.268571,0.994961,2.017095,1.061987
3,0.850222,0.519324,linear,150,50,rastrigin,3,0.000137,2.775029,2.986131,2.493645,0.903186
3,0.703378,2.861092,linear,150,50,rastrigin,3,0.000000,0.758655,0.994957,1.479913,0.762191
3,0.539396,0.677205,linear,150,50,rastrigin,3,0.995361,3.496742,4.975068,2.770393,0.841567
3,0.989480,5.451302,linear,150,50,rastrigin,3,0.000000,0.037311,0.000000,0.474564,1.444522
3,0.627744,0.917212,linear,150,50,rastrigin,3,0.000000,2.959113,2.985220,2.665310,0.867236
3,0.818585,3.329712,linear,150,50,rastrigin,3,0.000000,0.497478,0.994957,0.794161,0.861816
3,0.519324,1.445755,linear,150,50,rastrigin,3,0.000126,2.476305,2.001792,2.410642,0.832726
3,0.788124,2.458424,linear,150,50,rastrigin,3,0.000000,0.733781,0.994957,1.542793,0.921188
3,0.500000,2.971669,linear,150,50,rastrigin,3,0.000000,1.144201,0.994959,1.484422,1.049982
3,0.519324,4.684091,linear,150,50,rastrigin,3,0.000000,0.721344,0.994957,0.961358,0.944242
3,1.108698,1.619947,linear,150,50,rastrigin,3,0.000000,0.907898,0.994957,1.547123,0.763593
3,0.850222,1.619947,linear,150,50,rastrigin,3,0.000000,1.106903,0.994969,1.462819,0.782383
3,0.627744,3.086521,linear,150,50,rastrigin,3,0.000000,0.808455,0.994957,1.157018,0.784431
3,0.952661,1.445755,linear,150,50,rastrigin,3,0.000000,1.368080,1.989916,1.701836,0.805866
3,0.677205,6.344175,linear,150,50,rastrigin,3,0.000000,0.111933,0.000000,0.501344,0.831864
3,0.850222,4.509793,linear,150,50,rastrigin,3,0.000000,0.248739,0.000000,0.666770,0.934226
3,0.677205,1.885279,linear,150,50,rastrigin,3,0.000000,1.456499,1.989916,1.646030,0.937030
3,0.652005,4.024856,linear,150,50,rastrigin,3,0.000000,0.534789,0.994957,0.975820,1.023161
3,0.917212,9.627893,linear,150,50,rastrigin,3,0.000000,0.000000,0.000000,0.253860,0.841473
3,0.917212,1.027723,linear,150,50,rastrigin,3,0.000000,1.953431,1.989920,2.182848,0.841073
3,0.989480,1.815127,linear,150,50,rastrigin,3,0.000000,1.032268,0.994957,1.485789,0.927909
3,0.500000,0.989480,linear,150,50,rastrigin,3,0.000120,3.069142,3.980421,2.768171,0.845737
3,0.883082,6.589370,linear,150,50,rastrigin,3,0.000000,0.000000,0.000000,0.355271,0.983852
3,0.730562,4.024856,linear,150,50,rastrigin,3,0.000000,0.385546,0.994957,0.777341,0.999607
3,1.108698,0.539396,linear,150,50,rastrigin,3,0.001913,3.069448,3.979834,2.382321,0.801600
3,0.818585,1.151548,linear,150,50,rastrigin,3,0.000000,1.943265,1.989918,2.073900,0.926397
3,0.539396,6.108104,linear,150,50,rastrigin,3,0.000000,0.435294,0.994957,0.669733,1.090683
3,0.560243,0.883082,linear,150,50,rastrigin,3,0.000940,2.965227,3.153647,2.815826,0.985912
3,0.652005,1.290293,linear,150,50,rastrigin,3,0.000000,2.018311,1.990154,2.045274,1.034130
3,0.883082,2.112428,linear,150,50,rastrigin,3,0.000000,0.820840,0.994957,1.079472,0.990400
3,0.500000,9.269632,linear,150,50,rastrigin,3,0.000000,0.111933,0.000000,0.501344,1.056623
3,0.952661,4.024856,linear,150,50,rastrigin,3,0.000000,0.186554,0.000000,0.629266,1.018951
3,0.581895,4.180412,linear,150,50,rastrigin,3,0.000000,0.634285,0.994957,0.773959,0.883647
3,1.067443,3.730894,linear,150,50,rastrigin,3,0.000000,0.087059,0.000000,0.692479,0.891810
3,0.604385,6.344175,linear,150,50,rastrigin,3,0.000000,0.211428,0.000000,0.632092,0.873961
3,0.581895,1.340161,linear,150,50,rastrigin,3,0.000000,2.266013,1.994159,2.566102,0.944931
3,1.108698,1.682556,linear,150,50,rastrigin,3,0.000000,0.845713,0.994957,1.460792,1.115689
3,0.703378,0.989480,linear,150,50,rastrigin,3,0.000002,2.292056,2.044388,2.361935,0.884759
3,0.883082,0.677205,linear,150,50,rastrigin,3,0.000000,2.603684,2.984885,2.345604,1.055075
3,0.560243,2.971669,linear,150,50,rastrigin,3,0.000000,1.243697,1.492436,1.746030,1.050848
3,0.539396,2.194071,linear,150,50,rastrigin,3,0.000000,1.853202,1.989918,2.356114,0.866048
3,0.917212,3.086521,linear,150,50,rastrigin,3,0.000000,0.422857,0.994957,0.874431,0.989137
3,0.604385,1.958143,linear,150,50,rastrigin,3,0.000000,1.554638,1.989916,2.034656,0.914410
3,0.788124,0.818585,linear,150,50,rastrigin,3,0.000000,2.893680,3.523015,2.589268,0.979594
3,0.788124,7.383293,linear,150,50,rastrigin,3,0.000000,0.000000,0.000000,0.284739,0.941420
3,0.627744,9.627893,linear,150,50,rastrigin,3,0.000000,0.000000,0.000000,0.334607,0.970721
3,1.027723,2.553439,linear,150,50,rastrigin,3,0.000000,0.621848,0.994957,0.789723,0.996175
3,0.730562,1.290293,linear,150,50,rastrigin,3,0.000000,1.992640,1.989918,2.561803,0.950874
3,1.108698,4.865126,linear,150,50,rastrigin,3,0.000000,0.000000,0.000000,0.373739,1.002392
3,0.703378,9.627893,linear,150,50,rastrigin,3,0.000000,0.000000,0.000000,0.341634,1.079622
3,0.604385,0.627744,linear,150,50,rastrigin,3,0.000450,3.322985,4.352820,2.995530,0.925691
3,0.758798,5.451302,linear,150,50,rastrigin,3,0.000000,0.161681,0.000000,0.536170,0.905070
3,1.027723,0.850222,linear,150,50,rastrigin,3,0.000000,2.003392,1.989931,2.052685,0.883266
3,1.027723,7.965033,linear,150,50,rastrigin,3,0.000000,0.000000,0.000000,0.298487,0.906145
3,0.989480,0.604385,linear,150,50,rastrigin,3,0.000000,2.738679,2.984893,2.731751,1.003244
3,0.703378,2.971669,linear,150,50,rastrigin,3,0.000000,0.733781,0.994957,1.131980,0.877968
3,0.560243,8.924703,linear,150,50,rastrigin,3,0.000000,0.000000,0.000000,0.382250,0.991224
3,0.703378,1.027723,linear,150,50,rastrigin,3,0.000000,2.665246,2.984885,2.723210,0.967929
3,1.067443,1.196054,linear,150,50,rastrigin,3,0.000000,1.554653,1.989916,2.397892,1.081218
3,0.539396,0.703378,linear,150,50,rastrigin,3,0.035591,3.316239,4.974938,3.070605,0.886953
3,0.850222,0.539396,linear,150,50,rastrigin,3,0.000000,3.274400,4.113737,2.849616,1.046530
3,0.758798,0.581895,linear,150,50,rastrigin,3,0.000322,3.294495,4.033620,3.140078,1.362454
3,0.818585,3.458402,linear,150,50,rastrigin,3,0.000000,0.397983,0.994957,0.823113,0.824677
3,0.627744,0.952661,linear,150,50,rastrigin,3,0.000000,3.004806,3.118674,3.078002,0.911268
3,0.519324,1.501631,linear,150,50,rastrigin,3,0.000000,2.849366,3.482402,2.616825,0.876549
3,0.989480,5.661988,linear,150,50,rastrigin,3,0.000000,0.000000,0.000000,0.373738,1.044937
3,0.788124,2.553439,linear,150,50,rastrigin,3,0.000000,0.845713,0.994957,1.588040,0.929822
3,0.500000,3.086521,linear,150,50,rastrigin,3,0.000000,1.044705,0.994958,1.492437,0.934255
3,0.850222,1.682556,linear,150,50,rastrigin,3,0.000000,0.920371,0.994957,1.737721,0.838976
